INSERT INTO `minions` (`item_id`, `collection`) VALUES
    ('WHEAT', 'FARMING'),
    ('CARROT', 'FARMING'),
    ('POTATO', 'FARMING'),
    ('PUMPKIN', 'FARMING'),
    ('MELON', 'FARMING'),
    ('MUSHROOM', 'FARMING'),
    ('COCOA', 'FARMING'),
    ('CACTUS', 'FARMING'),
    ('SUGAR_CANE', 'FARMING'),
    ('COW', 'FARMING'),
    ('PIG', 'FARMING'),
    ('CHICKEN', 'FARMING'),
    ('SHEEP', 'FARMING'),
    ('RABBIT', 'FARMING'),
    ('NETHER_WARTS', 'FARMING'),
    ('COBBLESTONE', 'MINING'),
    ('COAL', 'MINING'),
    ('IRON', 'MINING'),
    ('GOLD', 'MINING'),
    ('DIAMOND', 'MINING'),
    ('LAPIS', 'MINING'),
    ('EMERALD', 'MINING'),
    ('REDSTONE', 'MINING'),
    ('QUARTZ', 'MINING'),
    ('OBSIDIAN', 'MINING'),
    ('GLOWSTONE', 'MINING'),
    ('GRAVEL', 'MINING'),
    ('ICE', 'MINING'),
    ('SAND', 'MINING'),
    ('ENDER_STONE', 'MINING'),
    ('CLAY', 'FISHING'),
    ('MITHRIL', 'MINING'),
    ('SNOW', 'MINING'),
    ('ZOMBIE', 'COMBAT'),
    ('SKELETON', 'COMBAT'),
    ('SPIDER', 'COMBAT'),
    ('CAVESPIDER', 'COMBAT'),
    ('CREEPER', 'COMBAT'),
    ('ENDERMAN', 'COMBAT'),
    ('GHAST', 'COMBAT'),
    ('SLIME', 'COMBAT'),
    ('BLAZE', 'COMBAT'),
    ('MAGMA_CUBE', 'COMBAT'),
    ('REVENANT', 'COMBAT'),
    ('TARANTULA', 'COMBAT'),
    ('OAK', 'FORAGING'),
    ('SPRUCE', 'FORAGING'),
    ('BIRCH', 'FORAGING'),
    ('DARK_OAK', 'FORAGING'),
    ('ACACIA', 'FORAGING'),
    ('JUNGLE', 'FORAGING'),
    ('FISHING', 'FISHING'),
    ('HARD_STONE', 'MINING"');

INSERT INTO `minion_items` (`minion`, `collection_item_key`, `yield`) VALUES
    ('WHEAT', 'WHEAT', 1.0),
    ('WHEAT', 'SEEDS', 1.0),
    ('CARROT', 'CARROT_ITEM', 3),
    ('POTATO', 'POTATO_ITEM', 3),
    ('PUMPKIN', 'PUMPKIN', 1.0),
    ('MELON', 'MELON', 5),
    ('MUSHROOM', 'BROWN_MUSHROOM', 1.5),
    ('MUSHROOM', 'RED_MUSHROOM', 1.5),
    ('COCOA', 'INK_SACK:3', 3),
    ('CACTUS', 'CACTUS', 3),
    ('SUGAR_CANE', 'SUGAR_CANE', 3),
    ('COW', 'RAW_BEEF', 1.0),
    ('COW', 'LEATHER', 1.0),
    ('PIG', 'PORK', 1.0),
    ('CHICKEN', 'RAW_CHICKEN', 1.0),
    ('CHICKEN', 'FEATHER', 1.0),
    ('SHEEP', 'MUTTON', 1.0),
    ('RABBIT', 'RABBIT', 1.0),
    ('RABBIT', 'RABBIT_FOOT', 1.35),
    ('RABBIT', 'RABBIT_HIDE', 1.35),
    ('NETHER_WARTS', 'NETHER_STALK', 3),
    ('COBBLESTONE', 'COBBLESTONE', 1.0),
    ('COAL', 'COAL', 1.0),
    ('IRON', 'IRON_INGOT', 1.0),
    ('GOLD', 'GOLD_INGOT', 1.0),
    ('DIAMOND', 'DIAMOND', 1.0),
    ('LAPIS', 'INK_SACK:4', 6),
    ('EMERALD', 'EMERALD', 1.0),
    ('REDSTONE', 'REDSTONE', 4.5),
    ('QUARTZ', 'QUARTZ', 1.0),
    ('OBSIDIAN', 'OBSIDIAN', 1.0),
    ('GLOWSTONE', 'GLOWSTONE_DUST', 3),
    ('GRAVEL', 'GRAVEL', 1.0),
    ('ICE', 'ICE', 1.0),
    ('SAND', 'SAND', 1.0),
    ('ENDER_STONE', 'ENDER_STONE', 1.0),
    ('CLAY', 'CLAY_BALL', 4),
    ('MITHRIL', 'MITHRIL_ORE', 2),
    ('SNOW', 'SNOW_BALL', 4),
    ('ZOMBIE', 'ROTTEN_FLESH', 1.0),
    ('SKELETON', 'BONE', 1.0),
    ('SPIDER', 'STRING', 1.0),
    ('SPIDER', 'SPIDER_EYE', 1.5),
    ('CAVESPIDER', 'STRING', 1.0),
    ('CAVESPIDER', 'SPIDER_EYE', 1.5),
    ('CREEPER', 'SULPHUR', 1.0),
    ('ENDERMAN', 'ENDER_PEARL', 1.0),
    ('GHAST', 'GHAST_TEAR', 1.0),
    ('SLIME', 'SLIME_BALL', 1.8),
    ('BLAZE', 'BLAZE_ROD', 1.0),
    ('MAGMA_CUBE', 'MAGMA_CREAM', 1.8),
    ('REVENANT', 'ROTTEN_FLESH', 3),
    ('REVENANT', 'DIAMOND', 0.2),
    ('TARANTULA', 'STRING', 3.16),
    ('TARANTULA', 'SPIDER_EYE', 1.0),
    ('TARANTULA', 'IRON_INGOT', 0.2),
    ('OAK', 'LOG', 4),
    ('SPRUCE', 'LOG:1', 4),
    ('BIRCH', 'LOG:2', 4),
    ('DARK_OAK', 'LOG_2:1', 4),
    ('ACACIA', 'LOG_2', 4),
    ('JUNGLE', 'LOG:3', 4),
    ('FISHING', 'RAW_FISH', 1.0),
    ('FISHING', 'RAW_FISH:1', 0.5),
    ('FISHING', 'RAW_FISH:3', 0.24),
    ('FISHING', 'RAW_FISH:2', 0.08),
    ('FISHING', 'PRISMARINE_CRYSTALS', 0.06),
    ('FISHING', 'PRISMARINE_SHARD', 0.06),
    ('FISHING', 'SPONGE', 0.06),
    ('HARD_STONE', 'HARD_STONE', 1.0);

INSERT INTO `minion_tiers` (`minion`, `tier`, `speed`) VALUES
    ('WHEAT', 'WHEAT_GENERATOR_1', 15),
    ('WHEAT', 'WHEAT_GENERATOR_2', 15),
    ('WHEAT', 'WHEAT_GENERATOR_3', 13),
    ('WHEAT', 'WHEAT_GENERATOR_4', 13),
    ('WHEAT', 'WHEAT_GENERATOR_5', 11),
    ('WHEAT', 'WHEAT_GENERATOR_6', 11),
    ('WHEAT', 'WHEAT_GENERATOR_7', 10),
    ('WHEAT', 'WHEAT_GENERATOR_8', 10),
    ('WHEAT', 'WHEAT_GENERATOR_9', 9),
    ('WHEAT', 'WHEAT_GENERATOR_10', 9),
    ('WHEAT', 'WHEAT_GENERATOR_11', 8),
    ('WHEAT', 'WHEAT_GENERATOR_12', 7),
    ('CARROT', 'CARROT_GENERATOR_1', 20),
    ('CARROT', 'CARROT_GENERATOR_2', 20),
    ('CARROT', 'CARROT_GENERATOR_3', 18),
    ('CARROT', 'CARROT_GENERATOR_4', 18),
    ('CARROT', 'CARROT_GENERATOR_5', 16),
    ('CARROT', 'CARROT_GENERATOR_6', 16),
    ('CARROT', 'CARROT_GENERATOR_7', 14),
    ('CARROT', 'CARROT_GENERATOR_8', 14),
    ('CARROT', 'CARROT_GENERATOR_9', 12),
    ('CARROT', 'CARROT_GENERATOR_10', 12),
    ('CARROT', 'CARROT_GENERATOR_11', 10),
    ('CARROT', 'CARROT_GENERATOR_12', 8),
    ('POTATO', 'POTATO_GENERATOR_1', 20),
    ('POTATO', 'POTATO_GENERATOR_2', 20),
    ('POTATO', 'POTATO_GENERATOR_3', 18),
    ('POTATO', 'POTATO_GENERATOR_4', 18),
    ('POTATO', 'POTATO_GENERATOR_5', 16),
    ('POTATO', 'POTATO_GENERATOR_6', 16),
    ('POTATO', 'POTATO_GENERATOR_7', 14),
    ('POTATO', 'POTATO_GENERATOR_8', 14),
    ('POTATO', 'POTATO_GENERATOR_9', 12),
    ('POTATO', 'POTATO_GENERATOR_10', 12),
    ('POTATO', 'POTATO_GENERATOR_11', 10),
    ('POTATO', 'POTATO_GENERATOR_12', 8),
    ('PUMPKIN', 'PUMPKIN_GENERATOR_1', 32),
    ('PUMPKIN', 'PUMPKIN_GENERATOR_2', 32),
    ('PUMPKIN', 'PUMPKIN_GENERATOR_3', 30),
    ('PUMPKIN', 'PUMPKIN_GENERATOR_4', 30),
    ('PUMPKIN', 'PUMPKIN_GENERATOR_5', 27),
    ('PUMPKIN', 'PUMPKIN_GENERATOR_6', 27),
    ('PUMPKIN', 'PUMPKIN_GENERATOR_7', 24),
    ('PUMPKIN', 'PUMPKIN_GENERATOR_8', 24),
    ('PUMPKIN', 'PUMPKIN_GENERATOR_9', 20),
    ('PUMPKIN', 'PUMPKIN_GENERATOR_10', 20),
    ('PUMPKIN', 'PUMPKIN_GENERATOR_11', 16),
    ('PUMPKIN', 'PUMPKIN_GENERATOR_12', 12),
    ('MELON', 'MELON_GENERATOR_1', 24),
    ('MELON', 'MELON_GENERATOR_2', 24),
    ('MELON', 'MELON_GENERATOR_3', 22.5),
    ('MELON', 'MELON_GENERATOR_4', 22.5),
    ('MELON', 'MELON_GENERATOR_5', 21),
    ('MELON', 'MELON_GENERATOR_6', 21),
    ('MELON', 'MELON_GENERATOR_7', 18.5),
    ('MELON', 'MELON_GENERATOR_8', 18.5),
    ('MELON', 'MELON_GENERATOR_9', 16),
    ('MELON', 'MELON_GENERATOR_10', 16),
    ('MELON', 'MELON_GENERATOR_11', 13),
    ('MELON', 'MELON_GENERATOR_12', 10),
    ('MUSHROOM', 'MUSHROOM_GENERATOR_1', 30),
    ('MUSHROOM', 'MUSHROOM_GENERATOR_2', 30),
    ('MUSHROOM', 'MUSHROOM_GENERATOR_3', 28),
    ('MUSHROOM', 'MUSHROOM_GENERATOR_4', 28),
    ('MUSHROOM', 'MUSHROOM_GENERATOR_5', 26),
    ('MUSHROOM', 'MUSHROOM_GENERATOR_6', 26),
    ('MUSHROOM', 'MUSHROOM_GENERATOR_7', 23),
    ('MUSHROOM', 'MUSHROOM_GENERATOR_8', 23),
    ('MUSHROOM', 'MUSHROOM_GENERATOR_9', 20),
    ('MUSHROOM', 'MUSHROOM_GENERATOR_10', 20),
    ('MUSHROOM', 'MUSHROOM_GENERATOR_11', 16),
    ('MUSHROOM', 'MUSHROOM_GENERATOR_12', 12),
    ('COCOA', 'COCOA_GENERATOR_1', 27),
    ('COCOA', 'COCOA_GENERATOR_2', 27),
    ('COCOA', 'COCOA_GENERATOR_3', 25),
    ('COCOA', 'COCOA_GENERATOR_4', 25),
    ('COCOA', 'COCOA_GENERATOR_5', 23),
    ('COCOA', 'COCOA_GENERATOR_6', 23),
    ('COCOA', 'COCOA_GENERATOR_7', 21),
    ('COCOA', 'COCOA_GENERATOR_8', 21),
    ('COCOA', 'COCOA_GENERATOR_9', 18),
    ('COCOA', 'COCOA_GENERATOR_10', 18),
    ('COCOA', 'COCOA_GENERATOR_11', 15),
    ('COCOA', 'COCOA_GENERATOR_12', 12),
    ('CACTUS', 'CACTUS_GENERATOR_1', 27),
    ('CACTUS', 'CACTUS_GENERATOR_2', 27),
    ('CACTUS', 'CACTUS_GENERATOR_3', 25),
    ('CACTUS', 'CACTUS_GENERATOR_4', 25),
    ('CACTUS', 'CACTUS_GENERATOR_5', 23),
    ('CACTUS', 'CACTUS_GENERATOR_6', 23),
    ('CACTUS', 'CACTUS_GENERATOR_7', 21),
    ('CACTUS', 'CACTUS_GENERATOR_8', 21),
    ('CACTUS', 'CACTUS_GENERATOR_9', 18),
    ('CACTUS', 'CACTUS_GENERATOR_10', 18),
    ('CACTUS', 'CACTUS_GENERATOR_11', 15),
    ('CACTUS', 'CACTUS_GENERATOR_12', 12),
    ('SUGAR_CANE', 'CANE_GENERATOR_1', 22),
    ('SUGAR_CANE', 'CANE_GENERATOR_2', 22),
    ('SUGAR_CANE', 'CANE_GENERATOR_3', 20),
    ('SUGAR_CANE', 'CANE_GENERATOR_4', 20),
    ('SUGAR_CANE', 'CANE_GENERATOR_5', 18),
    ('SUGAR_CANE', 'CANE_GENERATOR_6', 18),
    ('SUGAR_CANE', 'CANE_GENERATOR_7', 16),
    ('SUGAR_CANE', 'CANE_GENERATOR_8', 16),
    ('SUGAR_CANE', 'CANE_GENERATOR_9', 14.5),
    ('SUGAR_CANE', 'CANE_GENERATOR_10', 14.5),
    ('SUGAR_CANE', 'CANE_GENERATOR_11', 12),
    ('SUGAR_CANE', 'CANE_GENERATOR_12', 9),
    ('COW', 'COW_GENERATOR_1', 26),
    ('COW', 'COW_GENERATOR_2', 26),
    ('COW', 'COW_GENERATOR_3', 24),
    ('COW', 'COW_GENERATOR_4', 24),
    ('COW', 'COW_GENERATOR_5', 22),
    ('COW', 'COW_GENERATOR_6', 22),
    ('COW', 'COW_GENERATOR_7', 20),
    ('COW', 'COW_GENERATOR_8', 20),
    ('COW', 'COW_GENERATOR_9', 17),
    ('COW', 'COW_GENERATOR_10', 17),
    ('COW', 'COW_GENERATOR_11', 13),
    ('COW', 'COW_GENERATOR_12', 10),
    ('PIG', 'PIG_GENERATOR_1', 26),
    ('PIG', 'PIG_GENERATOR_2', 26),
    ('PIG', 'PIG_GENERATOR_3', 24),
    ('PIG', 'PIG_GENERATOR_4', 24),
    ('PIG', 'PIG_GENERATOR_5', 22),
    ('PIG', 'PIG_GENERATOR_6', 22),
    ('PIG', 'PIG_GENERATOR_7', 20),
    ('PIG', 'PIG_GENERATOR_8', 20),
    ('PIG', 'PIG_GENERATOR_9', 17),
    ('PIG', 'PIG_GENERATOR_10', 17),
    ('PIG', 'PIG_GENERATOR_11', 13),
    ('PIG', 'PIG_GENERATOR_12', 10),
    ('CHICKEN', 'CHICKEN_GENERATOR_1', 26),
    ('CHICKEN', 'CHICKEN_GENERATOR_2', 26),
    ('CHICKEN', 'CHICKEN_GENERATOR_3', 24),
    ('CHICKEN', 'CHICKEN_GENERATOR_4', 24),
    ('CHICKEN', 'CHICKEN_GENERATOR_5', 22),
    ('CHICKEN', 'CHICKEN_GENERATOR_6', 22),
    ('CHICKEN', 'CHICKEN_GENERATOR_7', 20),
    ('CHICKEN', 'CHICKEN_GENERATOR_8', 20),
    ('CHICKEN', 'CHICKEN_GENERATOR_9', 17),
    ('CHICKEN', 'CHICKEN_GENERATOR_10', 17),
    ('CHICKEN', 'CHICKEN_GENERATOR_11', 13),
    ('CHICKEN', 'CHICKEN_GENERATOR_12', 12),
    ('SHEEP', 'SHEEP_GENERATOR_1', 26),
    ('SHEEP', 'SHEEP_GENERATOR_2', 26),
    ('SHEEP', 'SHEEP_GENERATOR_3', 24),
    ('SHEEP', 'SHEEP_GENERATOR_4', 24),
    ('SHEEP', 'SHEEP_GENERATOR_5', 22),
    ('SHEEP', 'SHEEP_GENERATOR_6', 22),
    ('SHEEP', 'SHEEP_GENERATOR_7', 20),
    ('SHEEP', 'SHEEP_GENERATOR_8', 20),
    ('SHEEP', 'SHEEP_GENERATOR_9', 17),
    ('SHEEP', 'SHEEP_GENERATOR_10', 17),
    ('SHEEP', 'SHEEP_GENERATOR_11', 13),
    ('SHEEP', 'SHEEP_GENERATOR_12', 9),
    ('RABBIT', 'RABBIT_GENERATOR_1', 26),
    ('RABBIT', 'RABBIT_GENERATOR_2', 26),
    ('RABBIT', 'RABBIT_GENERATOR_3', 24),
    ('RABBIT', 'RABBIT_GENERATOR_4', 24),
    ('RABBIT', 'RABBIT_GENERATOR_5', 22),
    ('RABBIT', 'RABBIT_GENERATOR_6', 22),
    ('RABBIT', 'RABBIT_GENERATOR_7', 20),
    ('RABBIT', 'RABBIT_GENERATOR_8', 20),
    ('RABBIT', 'RABBIT_GENERATOR_9', 17),
    ('RABBIT', 'RABBIT_GENERATOR_10', 17),
    ('RABBIT', 'RABBIT_GENERATOR_11', 13),
    ('RABBIT', 'RABBIT_GENERATOR_12', 10),
    ('NETHER_WARTS', 'WARTS_GENERATOR_1', 50),
    ('NETHER_WARTS', 'WARTS_GENERATOR_2', 50),
    ('NETHER_WARTS', 'WARTS_GENERATOR_3', 47),
    ('NETHER_WARTS', 'WARTS_GENERATOR_4', 47),
    ('NETHER_WARTS', 'WARTS_GENERATOR_5', 44),
    ('NETHER_WARTS', 'WARTS_GENERATOR_6', 44),
    ('NETHER_WARTS', 'WARTS_GENERATOR_7', 41),
    ('NETHER_WARTS', 'WARTS_GENERATOR_8', 41),
    ('NETHER_WARTS', 'WARTS_GENERATOR_9', 38),
    ('NETHER_WARTS', 'WARTS_GENERATOR_10', 38),
    ('NETHER_WARTS', 'WARTS_GENERATOR_11', 32),
    ('NETHER_WARTS', 'WARTS_GENERATOR_12', 27),
    ('COBBLESTONE', 'COBBLESTONE_GENERATOR_1', 15),
    ('COBBLESTONE', 'COBBLESTONE_GENERATOR_2', 15),
    ('COBBLESTONE', 'COBBLESTONE_GENERATOR_3', 12),
    ('COBBLESTONE', 'COBBLESTONE_GENERATOR_4', 12),
    ('COBBLESTONE', 'COBBLESTONE_GENERATOR_5', 10),
    ('COBBLESTONE', 'COBBLESTONE_GENERATOR_6', 10),
    ('COBBLESTONE', 'COBBLESTONE_GENERATOR_7', 9),
    ('COBBLESTONE', 'COBBLESTONE_GENERATOR_8', 9),
    ('COBBLESTONE', 'COBBLESTONE_GENERATOR_9', 8),
    ('COBBLESTONE', 'COBBLESTONE_GENERATOR_10', 8),
    ('COBBLESTONE', 'COBBLESTONE_GENERATOR_11', 7),
    ('COBBLESTONE', 'COBBLESTONE_GENERATOR_12', 6),
    ('COAL', 'COAL_GENERATOR_1', 15),
    ('COAL', 'COAL_GENERATOR_2', 15),
    ('COAL', 'COAL_GENERATOR_3', 13),
    ('COAL', 'COAL_GENERATOR_4', 13),
    ('COAL', 'COAL_GENERATOR_5', 12),
    ('COAL', 'COAL_GENERATOR_6', 12),
    ('COAL', 'COAL_GENERATOR_7', 10),
    ('COAL', 'COAL_GENERATOR_8', 10),
    ('COAL', 'COAL_GENERATOR_9', 9),
    ('COAL', 'COAL_GENERATOR_10', 9),
    ('COAL', 'COAL_GENERATOR_11', 7),
    ('COAL', 'COAL_GENERATOR_12', 6),
    ('IRON', 'IRON_GENERATOR_1', 17),
    ('IRON', 'IRON_GENERATOR_2', 17),
    ('IRON', 'IRON_GENERATOR_3', 15),
    ('IRON', 'IRON_GENERATOR_4', 15),
    ('IRON', 'IRON_GENERATOR_5', 14),
    ('IRON', 'IRON_GENERATOR_6', 14),
    ('IRON', 'IRON_GENERATOR_7', 12),
    ('IRON', 'IRON_GENERATOR_8', 12),
    ('IRON', 'IRON_GENERATOR_9', 10),
    ('IRON', 'IRON_GENERATOR_10', 10),
    ('IRON', 'IRON_GENERATOR_11', 8),
    ('IRON', 'IRON_GENERATOR_12', 7),
    ('GOLD', 'GOLD_GENERATOR_1', 22),
    ('GOLD', 'GOLD_GENERATOR_2', 22),
    ('GOLD', 'GOLD_GENERATOR_3', 20),
    ('GOLD', 'GOLD_GENERATOR_4', 20),
    ('GOLD', 'GOLD_GENERATOR_5', 18),
    ('GOLD', 'GOLD_GENERATOR_6', 18),
    ('GOLD', 'GOLD_GENERATOR_7', 16),
    ('GOLD', 'GOLD_GENERATOR_8', 16),
    ('GOLD', 'GOLD_GENERATOR_9', 14),
    ('GOLD', 'GOLD_GENERATOR_10', 14),
    ('GOLD', 'GOLD_GENERATOR_11', 11),
    ('GOLD', 'GOLD_GENERATOR_12', 9),
    ('DIAMOND', 'DIAMOND_GENERATOR_1', 29),
    ('DIAMOND', 'DIAMOND_GENERATOR_2', 29),
    ('DIAMOND', 'DIAMOND_GENERATOR_3', 27),
    ('DIAMOND', 'DIAMOND_GENERATOR_4', 27),
    ('DIAMOND', 'DIAMOND_GENERATOR_5', 25),
    ('DIAMOND', 'DIAMOND_GENERATOR_6', 25),
    ('DIAMOND', 'DIAMOND_GENERATOR_7', 22),
    ('DIAMOND', 'DIAMOND_GENERATOR_8', 22),
    ('DIAMOND', 'DIAMOND_GENERATOR_9', 19),
    ('DIAMOND', 'DIAMOND_GENERATOR_10', 19),
    ('DIAMOND', 'DIAMOND_GENERATOR_11', 15),
    ('DIAMOND', 'DIAMOND_GENERATOR_12', 12),
    ('LAPIS', 'LAPIS_GENERATOR_1', 29),
    ('LAPIS', 'LAPIS_GENERATOR_2', 29),
    ('LAPIS', 'LAPIS_GENERATOR_3', 27),
    ('LAPIS', 'LAPIS_GENERATOR_4', 27),
    ('LAPIS', 'LAPIS_GENERATOR_5', 25),
    ('LAPIS', 'LAPIS_GENERATOR_6', 25),
    ('LAPIS', 'LAPIS_GENERATOR_7', 23),
    ('LAPIS', 'LAPIS_GENERATOR_8', 23),
    ('LAPIS', 'LAPIS_GENERATOR_9', 21),
    ('LAPIS', 'LAPIS_GENERATOR_10', 21),
    ('LAPIS', 'LAPIS_GENERATOR_11', 18),
    ('LAPIS', 'LAPIS_GENERATOR_12', 16),
    ('EMERALD', 'EMERALD_GENERATOR_1', 28),
    ('EMERALD', 'EMERALD_GENERATOR_2', 28),
    ('EMERALD', 'EMERALD_GENERATOR_3', 26),
    ('EMERALD', 'EMERALD_GENERATOR_4', 26),
    ('EMERALD', 'EMERALD_GENERATOR_5', 24),
    ('EMERALD', 'EMERALD_GENERATOR_6', 24),
    ('EMERALD', 'EMERALD_GENERATOR_7', 21),
    ('EMERALD', 'EMERALD_GENERATOR_8', 21),
    ('EMERALD', 'EMERALD_GENERATOR_9', 18),
    ('EMERALD', 'EMERALD_GENERATOR_10', 18),
    ('EMERALD', 'EMERALD_GENERATOR_11', 14),
    ('EMERALD', 'EMERALD_GENERATOR_12', 12),
    ('REDSTONE', 'REDSTONE_GENERATOR_1', 29),
    ('REDSTONE', 'REDSTONE_GENERATOR_2', 29),
    ('REDSTONE', 'REDSTONE_GENERATOR_3', 27),
    ('REDSTONE', 'REDSTONE_GENERATOR_4', 27),
    ('REDSTONE', 'REDSTONE_GENERATOR_5', 25),
    ('REDSTONE', 'REDSTONE_GENERATOR_6', 25),
    ('REDSTONE', 'REDSTONE_GENERATOR_7', 23),
    ('REDSTONE', 'REDSTONE_GENERATOR_8', 23),
    ('REDSTONE', 'REDSTONE_GENERATOR_9', 21),
    ('REDSTONE', 'REDSTONE_GENERATOR_10', 21),
    ('REDSTONE', 'REDSTONE_GENERATOR_11', 18),
    ('REDSTONE', 'REDSTONE_GENERATOR_12', 16),
    ('QUARTZ', 'QUARTZ_GENERATOR_1', 22.5),
    ('QUARTZ', 'QUARTZ_GENERATOR_2', 22.5),
    ('QUARTZ', 'QUARTZ_GENERATOR_3', 21),
    ('QUARTZ', 'QUARTZ_GENERATOR_4', 21),
    ('QUARTZ', 'QUARTZ_GENERATOR_5', 19),
    ('QUARTZ', 'QUARTZ_GENERATOR_6', 19),
    ('QUARTZ', 'QUARTZ_GENERATOR_7', 17),
    ('QUARTZ', 'QUARTZ_GENERATOR_8', 17),
    ('QUARTZ', 'QUARTZ_GENERATOR_9', 14.5),
    ('QUARTZ', 'QUARTZ_GENERATOR_10', 14.5),
    ('QUARTZ', 'QUARTZ_GENERATOR_11', 11.5),
    ('OBSIDIAN', 'OBSIDIAN_GENERATOR_1', 45),
    ('OBSIDIAN', 'OBSIDIAN_GENERATOR_2', 45),
    ('OBSIDIAN', 'OBSIDIAN_GENERATOR_3', 42),
    ('OBSIDIAN', 'OBSIDIAN_GENERATOR_4', 42),
    ('OBSIDIAN', 'OBSIDIAN_GENERATOR_5', 39),
    ('OBSIDIAN', 'OBSIDIAN_GENERATOR_6', 39),
    ('OBSIDIAN', 'OBSIDIAN_GENERATOR_7', 35),
    ('OBSIDIAN', 'OBSIDIAN_GENERATOR_8', 35),
    ('OBSIDIAN', 'OBSIDIAN_GENERATOR_9', 30),
    ('OBSIDIAN', 'OBSIDIAN_GENERATOR_10', 30),
    ('OBSIDIAN', 'OBSIDIAN_GENERATOR_11', 24),
    ('OBSIDIAN', 'OBSIDIAN_GENERATOR_12', 21),
    ('GLOWSTONE', 'GLOWSTONE_GENERATOR_1', 25),
    ('GLOWSTONE', 'GLOWSTONE_GENERATOR_2', 25),
    ('GLOWSTONE', 'GLOWSTONE_GENERATOR_3', 23),
    ('GLOWSTONE', 'GLOWSTONE_GENERATOR_4', 23),
    ('GLOWSTONE', 'GLOWSTONE_GENERATOR_5', 21),
    ('GLOWSTONE', 'GLOWSTONE_GENERATOR_6', 21),
    ('GLOWSTONE', 'GLOWSTONE_GENERATOR_7', 19),
    ('GLOWSTONE', 'GLOWSTONE_GENERATOR_8', 19),
    ('GLOWSTONE', 'GLOWSTONE_GENERATOR_9', 16),
    ('GLOWSTONE', 'GLOWSTONE_GENERATOR_10', 16),
    ('GLOWSTONE', 'GLOWSTONE_GENERATOR_11', 13),
    ('GRAVEL', 'GRAVEL_GENERATOR_1', 26),
    ('GRAVEL', 'GRAVEL_GENERATOR_2', 26),
    ('GRAVEL', 'GRAVEL_GENERATOR_3', 24),
    ('GRAVEL', 'GRAVEL_GENERATOR_4', 24),
    ('GRAVEL', 'GRAVEL_GENERATOR_5', 22),
    ('GRAVEL', 'GRAVEL_GENERATOR_6', 22),
    ('GRAVEL', 'GRAVEL_GENERATOR_7', 19),
    ('GRAVEL', 'GRAVEL_GENERATOR_8', 19),
    ('GRAVEL', 'GRAVEL_GENERATOR_9', 16),
    ('GRAVEL', 'GRAVEL_GENERATOR_10', 16),
    ('GRAVEL', 'GRAVEL_GENERATOR_11', 13),
    ('ICE', 'ICE_GENERATOR_1', 14),
    ('ICE', 'ICE_GENERATOR_2', 14),
    ('ICE', 'ICE_GENERATOR_3', 12),
    ('ICE', 'ICE_GENERATOR_4', 12),
    ('ICE', 'ICE_GENERATOR_5', 10),
    ('ICE', 'ICE_GENERATOR_6', 10),
    ('ICE', 'ICE_GENERATOR_7', 9),
    ('ICE', 'ICE_GENERATOR_8', 9),
    ('ICE', 'ICE_GENERATOR_9', 8),
    ('ICE', 'ICE_GENERATOR_10', 8),
    ('ICE', 'ICE_GENERATOR_11', 7),
    ('SAND', 'SAND_GENERATOR_1', 26),
    ('SAND', 'SAND_GENERATOR_2', 26),
    ('SAND', 'SAND_GENERATOR_3', 24),
    ('SAND', 'SAND_GENERATOR_4', 24),
    ('SAND', 'SAND_GENERATOR_5', 22),
    ('SAND', 'SAND_GENERATOR_6', 22),
    ('SAND', 'SAND_GENERATOR_7', 19),
    ('SAND', 'SAND_GENERATOR_8', 19),
    ('SAND', 'SAND_GENERATOR_9', 16),
    ('SAND', 'SAND_GENERATOR_10', 16),
    ('SAND', 'SAND_GENERATOR_11', 13),
    ('ENDER_STONE', 'STONE_GENERATOR_1', 26),
    ('ENDER_STONE', 'STONE_GENERATOR_2', 26),
    ('ENDER_STONE', 'STONE_GENERATOR_3', 24),
    ('ENDER_STONE', 'STONE_GENERATOR_4', 24),
    ('ENDER_STONE', 'STONE_GENERATOR_5', 22),
    ('ENDER_STONE', 'STONE_GENERATOR_6', 22),
    ('ENDER_STONE', 'STONE_GENERATOR_7', 19),
    ('ENDER_STONE', 'STONE_GENERATOR_8', 19),
    ('ENDER_STONE', 'STONE_GENERATOR_9', 16),
    ('ENDER_STONE', 'STONE_GENERATOR_10', 16),
    ('ENDER_STONE', 'STONE_GENERATOR_11', 13),
    ('CLAY', 'CLAY_GENERATOR_1', 32),
    ('CLAY', 'CLAY_GENERATOR_2', 32),
    ('CLAY', 'CLAY_GENERATOR_3', 30),
    ('CLAY', 'CLAY_GENERATOR_4', 30),
    ('CLAY', 'CLAY_GENERATOR_5', 27.5),
    ('CLAY', 'CLAY_GENERATOR_6', 27.5),
    ('CLAY', 'CLAY_GENERATOR_7', 24),
    ('CLAY', 'CLAY_GENERATOR_8', 24),
    ('CLAY', 'CLAY_GENERATOR_9', 20),
    ('CLAY', 'CLAY_GENERATOR_10', 20),
    ('CLAY', 'CLAY_GENERATOR_11', 16),
    ('MITHRIL', 'MITHRIL_GENERATOR_1', 80),
    ('MITHRIL', 'MITHRIL_GENERATOR_2', 80),
    ('MITHRIL', 'MITHRIL_GENERATOR_3', 75),
    ('MITHRIL', 'MITHRIL_GENERATOR_4', 75),
    ('MITHRIL', 'MITHRIL_GENERATOR_5', 70),
    ('MITHRIL', 'MITHRIL_GENERATOR_6', 70),
    ('MITHRIL', 'MITHRIL_GENERATOR_7', 65),
    ('MITHRIL', 'MITHRIL_GENERATOR_8', 65),
    ('MITHRIL', 'MITHRIL_GENERATOR_9', 60),
    ('MITHRIL', 'MITHRIL_GENERATOR_10', 60),
    ('MITHRIL', 'MITHRIL_GENERATOR_11', 55),
    ('MITHRIL', 'MITHRIL_GENERATOR_12', 50),
    ('SNOW', 'SNOW_GENERATOR_1', 13),
    ('SNOW', 'SNOW_GENERATOR_2', 13),
    ('SNOW', 'SNOW_GENERATOR_3', 12),
    ('SNOW', 'SNOW_GENERATOR_4', 12),
    ('SNOW', 'SNOW_GENERATOR_5', 11),
    ('SNOW', 'SNOW_GENERATOR_6', 11),
    ('SNOW', 'SNOW_GENERATOR_7', 9.5),
    ('SNOW', 'SNOW_GENERATOR_8', 9.5),
    ('SNOW', 'SNOW_GENERATOR_9', 8),
    ('SNOW', 'SNOW_GENERATOR_10', 8),
    ('SNOW', 'SNOW_GENERATOR_11', 6.5),
    ('ZOMBIE', 'ZOMBIE_GENERATOR_1', 26),
    ('ZOMBIE', 'ZOMBIE_GENERATOR_2', 26),
    ('ZOMBIE', 'ZOMBIE_GENERATOR_3', 24),
    ('ZOMBIE', 'ZOMBIE_GENERATOR_4', 24),
    ('ZOMBIE', 'ZOMBIE_GENERATOR_5', 22),
    ('ZOMBIE', 'ZOMBIE_GENERATOR_6', 22),
    ('ZOMBIE', 'ZOMBIE_GENERATOR_7', 20),
    ('ZOMBIE', 'ZOMBIE_GENERATOR_8', 20),
    ('ZOMBIE', 'ZOMBIE_GENERATOR_9', 17),
    ('ZOMBIE', 'ZOMBIE_GENERATOR_10', 17),
    ('ZOMBIE', 'ZOMBIE_GENERATOR_11', 13),
    ('SKELETON', 'SKELETON_GENERATOR_1', 26),
    ('SKELETON', 'SKELETON_GENERATOR_2', 26),
    ('SKELETON', 'SKELETON_GENERATOR_3', 24),
    ('SKELETON', 'SKELETON_GENERATOR_4', 24),
    ('SKELETON', 'SKELETON_GENERATOR_5', 22),
    ('SKELETON', 'SKELETON_GENERATOR_6', 22),
    ('SKELETON', 'SKELETON_GENERATOR_7', 20),
    ('SKELETON', 'SKELETON_GENERATOR_8', 20),
    ('SKELETON', 'SKELETON_GENERATOR_9', 17),
    ('SKELETON', 'SKELETON_GENERATOR_10', 17),
    ('SKELETON', 'SKELETON_GENERATOR_11', 13),
    ('SPIDER', 'SPIDER_GENERATOR_1', 26),
    ('SPIDER', 'SPIDER_GENERATOR_2', 26),
    ('SPIDER', 'SPIDER_GENERATOR_3', 24),
    ('SPIDER', 'SPIDER_GENERATOR_4', 24),
    ('SPIDER', 'SPIDER_GENERATOR_5', 22),
    ('SPIDER', 'SPIDER_GENERATOR_6', 22),
    ('SPIDER', 'SPIDER_GENERATOR_7', 20),
    ('SPIDER', 'SPIDER_GENERATOR_8', 20),
    ('SPIDER', 'SPIDER_GENERATOR_9', 17),
    ('SPIDER', 'SPIDER_GENERATOR_10', 17),
    ('SPIDER', 'SPIDER_GENERATOR_11', 13),
    ('CAVESPIDER', 'CAVESPIDER_GENERATOR_1', 26),
    ('CAVESPIDER', 'CAVESPIDER_GENERATOR_2', 26),
    ('CAVESPIDER', 'CAVESPIDER_GENERATOR_3', 24),
    ('CAVESPIDER', 'CAVESPIDER_GENERATOR_4', 24),
    ('CAVESPIDER', 'CAVESPIDER_GENERATOR_5', 22),
    ('CAVESPIDER', 'CAVESPIDER_GENERATOR_6', 22),
    ('CAVESPIDER', 'CAVESPIDER_GENERATOR_7', 20),
    ('CAVESPIDER', 'CAVESPIDER_GENERATOR_8', 20),
    ('CAVESPIDER', 'CAVESPIDER_GENERATOR_9', 17),
    ('CAVESPIDER', 'CAVESPIDER_GENERATOR_10', 17),
    ('CAVESPIDER', 'CAVESPIDER_GENERATOR_11', 13),
    ('CREEPER', 'CREEPER_GENERATOR_1', 27),
    ('CREEPER', 'CREEPER_GENERATOR_2', 27),
    ('CREEPER', 'CREEPER_GENERATOR_3', 25),
    ('CREEPER', 'CREEPER_GENERATOR_4', 25),
    ('CREEPER', 'CREEPER_GENERATOR_5', 23),
    ('CREEPER', 'CREEPER_GENERATOR_6', 23),
    ('CREEPER', 'CREEPER_GENERATOR_7', 21),
    ('CREEPER', 'CREEPER_GENERATOR_8', 21),
    ('CREEPER', 'CREEPER_GENERATOR_9', 18),
    ('CREEPER', 'CREEPER_GENERATOR_10', 18),
    ('CREEPER', 'CREEPER_GENERATOR_11', 14),
    ('ENDERMAN', 'ENDERMAN_GENERATOR_1', 32),
    ('ENDERMAN', 'ENDERMAN_GENERATOR_2', 32),
    ('ENDERMAN', 'ENDERMAN_GENERATOR_3', 30),
    ('ENDERMAN', 'ENDERMAN_GENERATOR_4', 30),
    ('ENDERMAN', 'ENDERMAN_GENERATOR_5', 28),
    ('ENDERMAN', 'ENDERMAN_GENERATOR_6', 28),
    ('ENDERMAN', 'ENDERMAN_GENERATOR_7', 25),
    ('ENDERMAN', 'ENDERMAN_GENERATOR_8', 25),
    ('ENDERMAN', 'ENDERMAN_GENERATOR_9', 22),
    ('ENDERMAN', 'ENDERMAN_GENERATOR_10', 22),
    ('ENDERMAN', 'ENDERMAN_GENERATOR_11', 18),
    ('GHAST', 'GHAST_GENERATOR_1', 50),
    ('GHAST', 'GHAST_GENERATOR_2', 50),
    ('GHAST', 'GHAST_GENERATOR_3', 47),
    ('GHAST', 'GHAST_GENERATOR_4', 47),
    ('GHAST', 'GHAST_GENERATOR_5', 44),
    ('GHAST', 'GHAST_GENERATOR_6', 44),
    ('GHAST', 'GHAST_GENERATOR_7', 41),
    ('GHAST', 'GHAST_GENERATOR_8', 41),
    ('GHAST', 'GHAST_GENERATOR_9', 38),
    ('GHAST', 'GHAST_GENERATOR_10', 38),
    ('GHAST', 'GHAST_GENERATOR_11', 32),
    ('SLIME', 'SLIME_GENERATOR_1', 26),
    ('SLIME', 'SLIME_GENERATOR_2', 26),
    ('SLIME', 'SLIME_GENERATOR_3', 24),
    ('SLIME', 'SLIME_GENERATOR_4', 24),
    ('SLIME', 'SLIME_GENERATOR_5', 22),
    ('SLIME', 'SLIME_GENERATOR_6', 22),
    ('SLIME', 'SLIME_GENERATOR_7', 19),
    ('SLIME', 'SLIME_GENERATOR_8', 19),
    ('SLIME', 'SLIME_GENERATOR_9', 16),
    ('SLIME', 'SLIME_GENERATOR_10', 16),
    ('SLIME', 'SLIME_GENERATOR_11', 12),
    ('BLAZE', 'BLAZE_GENERATOR_1', 33),
    ('BLAZE', 'BLAZE_GENERATOR_2', 33),
    ('BLAZE', 'BLAZE_GENERATOR_3', 31),
    ('BLAZE', 'BLAZE_GENERATOR_4', 31),
    ('BLAZE', 'BLAZE_GENERATOR_5', 28.5),
    ('BLAZE', 'BLAZE_GENERATOR_6', 28.5),
    ('BLAZE', 'BLAZE_GENERATOR_7', 25),
    ('BLAZE', 'BLAZE_GENERATOR_8', 25),
    ('BLAZE', 'BLAZE_GENERATOR_9', 21),
    ('BLAZE', 'BLAZE_GENERATOR_10', 21),
    ('BLAZE', 'BLAZE_GENERATOR_11', 16.5),
    ('MAGMA_CUBE', 'CUBE_GENERATOR_1', 32),
    ('MAGMA_CUBE', 'CUBE_GENERATOR_2', 32),
    ('MAGMA_CUBE', 'CUBE_GENERATOR_3', 30),
    ('MAGMA_CUBE', 'CUBE_GENERATOR_4', 30),
    ('MAGMA_CUBE', 'CUBE_GENERATOR_5', 28),
    ('MAGMA_CUBE', 'CUBE_GENERATOR_6', 28),
    ('MAGMA_CUBE', 'CUBE_GENERATOR_7', 25),
    ('MAGMA_CUBE', 'CUBE_GENERATOR_8', 25),
    ('MAGMA_CUBE', 'CUBE_GENERATOR_9', 22),
    ('MAGMA_CUBE', 'CUBE_GENERATOR_10', 22),
    ('MAGMA_CUBE', 'CUBE_GENERATOR_11', 18),
    ('REVENANT', 'REVENANT_GENERATOR_1', 29),
    ('REVENANT', 'REVENANT_GENERATOR_2', 29),
    ('REVENANT', 'REVENANT_GENERATOR_3', 26),
    ('REVENANT', 'REVENANT_GENERATOR_4', 26),
    ('REVENANT', 'REVENANT_GENERATOR_5', 23),
    ('REVENANT', 'REVENANT_GENERATOR_6', 23),
    ('REVENANT', 'REVENANT_GENERATOR_7', 19),
    ('REVENANT', 'REVENANT_GENERATOR_8', 19),
    ('REVENANT', 'REVENANT_GENERATOR_9', 14.5),
    ('REVENANT', 'REVENANT_GENERATOR_10', 14.5),
    ('REVENANT', 'REVENANT_GENERATOR_11', 10),
    ('REVENANT', 'REVENANT_GENERATOR_12', 8),
    ('TARANTULA', 'TARANTULA_GENERATOR_1', 29),
    ('TARANTULA', 'TARANTULA_GENERATOR_2', 29),
    ('TARANTULA', 'TARANTULA_GENERATOR_3', 26),
    ('TARANTULA', 'TARANTULA_GENERATOR_4', 26),
    ('TARANTULA', 'TARANTULA_GENERATOR_5', 23),
    ('TARANTULA', 'TARANTULA_GENERATOR_6', 23),
    ('TARANTULA', 'TARANTULA_GENERATOR_7', 19),
    ('TARANTULA', 'TARANTULA_GENERATOR_8', 19),
    ('TARANTULA', 'TARANTULA_GENERATOR_9', 14.5),
    ('TARANTULA', 'TARANTULA_GENERATOR_10', 14.5),
    ('TARANTULA', 'TARANTULA_GENERATOR_11', 10),
    ('OAK', 'OAK_GENERATOR_1', 48),
    ('OAK', 'OAK_GENERATOR_2', 48),
    ('OAK', 'OAK_GENERATOR_3', 45),
    ('OAK', 'OAK_GENERATOR_4', 45),
    ('OAK', 'OAK_GENERATOR_5', 42),
    ('OAK', 'OAK_GENERATOR_6', 42),
    ('OAK', 'OAK_GENERATOR_7', 38),
    ('OAK', 'OAK_GENERATOR_8', 38),
    ('OAK', 'OAK_GENERATOR_9', 33),
    ('OAK', 'OAK_GENERATOR_10', 33),
    ('OAK', 'OAK_GENERATOR_11', 27),
    ('SPRUCE', 'SPRUCE_GENERATOR_1', 48),
    ('SPRUCE', 'SPRUCE_GENERATOR_2', 48),
    ('SPRUCE', 'SPRUCE_GENERATOR_3', 45),
    ('SPRUCE', 'SPRUCE_GENERATOR_4', 45),
    ('SPRUCE', 'SPRUCE_GENERATOR_5', 42),
    ('SPRUCE', 'SPRUCE_GENERATOR_6', 42),
    ('SPRUCE', 'SPRUCE_GENERATOR_7', 38),
    ('SPRUCE', 'SPRUCE_GENERATOR_8', 38),
    ('SPRUCE', 'SPRUCE_GENERATOR_9', 33),
    ('SPRUCE', 'SPRUCE_GENERATOR_10', 33),
    ('SPRUCE', 'SPRUCE_GENERATOR_11', 27),
    ('BIRCH', 'BIRCH_GENERATOR_1', 48),
    ('BIRCH', 'BIRCH_GENERATOR_2', 48),
    ('BIRCH', 'BIRCH_GENERATOR_3', 45),
    ('BIRCH', 'BIRCH_GENERATOR_4', 45),
    ('BIRCH', 'BIRCH_GENERATOR_5', 42),
    ('BIRCH', 'BIRCH_GENERATOR_6', 42),
    ('BIRCH', 'BIRCH_GENERATOR_7', 38),
    ('BIRCH', 'BIRCH_GENERATOR_8', 38),
    ('BIRCH', 'BIRCH_GENERATOR_9', 33),
    ('BIRCH', 'BIRCH_GENERATOR_10', 33),
    ('BIRCH', 'BIRCH_GENERATOR_11', 27),
    ('DARK_OAK', 'OAK_GENERATOR_1', 48),
    ('DARK_OAK', 'OAK_GENERATOR_2', 48),
    ('DARK_OAK', 'OAK_GENERATOR_3', 45),
    ('DARK_OAK', 'OAK_GENERATOR_4', 45),
    ('DARK_OAK', 'OAK_GENERATOR_5', 42),
    ('DARK_OAK', 'OAK_GENERATOR_6', 42),
    ('DARK_OAK', 'OAK_GENERATOR_7', 38),
    ('DARK_OAK', 'OAK_GENERATOR_8', 38),
    ('DARK_OAK', 'OAK_GENERATOR_9', 33),
    ('DARK_OAK', 'OAK_GENERATOR_10', 33),
    ('DARK_OAK', 'OAK_GENERATOR_11', 27),
    ('ACACIA', 'ACACIA_GENERATOR_1', 48),
    ('ACACIA', 'ACACIA_GENERATOR_2', 48),
    ('ACACIA', 'ACACIA_GENERATOR_3', 45),
    ('ACACIA', 'ACACIA_GENERATOR_4', 45),
    ('ACACIA', 'ACACIA_GENERATOR_5', 42),
    ('ACACIA', 'ACACIA_GENERATOR_6', 42),
    ('ACACIA', 'ACACIA_GENERATOR_7', 38),
    ('ACACIA', 'ACACIA_GENERATOR_8', 38),
    ('ACACIA', 'ACACIA_GENERATOR_9', 33),
    ('ACACIA', 'ACACIA_GENERATOR_10', 33),
    ('ACACIA', 'ACACIA_GENERATOR_11', 27),
    ('JUNGLE', 'JUNGLE_GENERATOR_1', 48),
    ('JUNGLE', 'JUNGLE_GENERATOR_2', 48),
    ('JUNGLE', 'JUNGLE_GENERATOR_3', 45),
    ('JUNGLE', 'JUNGLE_GENERATOR_4', 45),
    ('JUNGLE', 'JUNGLE_GENERATOR_5', 42),
    ('JUNGLE', 'JUNGLE_GENERATOR_6', 42),
    ('JUNGLE', 'JUNGLE_GENERATOR_7', 38),
    ('JUNGLE', 'JUNGLE_GENERATOR_8', 38),
    ('JUNGLE', 'JUNGLE_GENERATOR_9', 33),
    ('JUNGLE', 'JUNGLE_GENERATOR_10', 33),
    ('JUNGLE', 'JUNGLE_GENERATOR_11', 27),
    ('FISHING', 'FISHING_GENERATOR_1', 78),
    ('FISHING', 'FISHING_GENERATOR_2', 78),
    ('FISHING', 'FISHING_GENERATOR_3', 72),
    ('FISHING', 'FISHING_GENERATOR_4', 72),
    ('FISHING', 'FISHING_GENERATOR_5', 68),
    ('FISHING', 'FISHING_GENERATOR_6', 68),
    ('FISHING', 'FISHING_GENERATOR_7', 62.5),
    ('FISHING', 'FISHING_GENERATOR_8', 62.5),
    ('FISHING', 'FISHING_GENERATOR_9', 53),
    ('FISHING', 'FISHING_GENERATOR_10', 53),
    ('FISHING', 'FISHING_GENERATOR_11', 35),
    ('HARD_STONE', 'HARD_STONE_GENERATOR_1', 14),
    ('HARD_STONE', 'HARD_STONE_GENERATOR_2', 14),
    ('HARD_STONE', 'HARD_STONE_GENERATOR_3', 12),
    ('HARD_STONE', 'HARD_STONE_GENERATOR_4', 12),
    ('HARD_STONE', 'HARD_STONE_GENERATOR_5', 10),
    ('HARD_STONE', 'HARD_STONE_GENERATOR_6', 10),
    ('HARD_STONE', 'HARD_STONE_GENERATOR_7', 9),
    ('HARD_STONE', 'HARD_STONE_GENERATOR_8', 9),
    ('HARD_STONE', 'HARD_STONE_GENERATOR_9', 8),
    ('HARD_STONE', 'HARD_STONE_GENERATOR_10', 8),
    ('HARD_STONE', 'HARD_STONE_GENERATOR_11', 7),
    ('HARD_STONE', 'HARD_STONE_GENERATOR_12', 6);

INSERT INTO `minion_tier_upgrades` (`minion_tier`, `coin_cost`, `item_cost`, `quantity`) VALUES
    ('WHEAT_GENERATOR_1' 0, 'WHEAT', 80),
    ('WHEAT_GENERATOR_2' 0, 'WHEAT', 160),
    ('WHEAT_GENERATOR_3' 0, 'WHEAT', 320),
    ('WHEAT_GENERATOR_4' 0, 'WHEAT', 512),
    ('WHEAT_GENERATOR_5' 0, 'HAY_BLOCK', 96),
    ('WHEAT_GENERATOR_6' 0, 'HAY_BLOCK', 192),
    ('WHEAT_GENERATOR_7' 0, 'HAY_BLOCK', 384),
    ('WHEAT_GENERATOR_8' 0, 'HAY_BLOCK', 512),
    ('WHEAT_GENERATOR_9' 0, 'ENCHANTED_HAY_BLOCK', 8),
    ('WHEAT_GENERATOR_10' 0, 'ENCHANTED_HAY_BLOCK', 16),
    ('WHEAT_GENERATOR_11' 0, 'ENCHANTED_HAY_BLOCK', 24),
    ('WHEAT_GENERATOR_12' 0, 'ENCHANTED_HAY_BLOCK', 64),
    ('CARROT_GENERATOR_1' 0, 'CARROT_ITEM', 128),
    ('CARROT_GENERATOR_2' 0, 'CARROT_ITEM', 256),
    ('CARROT_GENERATOR_3' 0, 'CARROT_ITEM', 512),
    ('CARROT_GENERATOR_4' 0, 'ENCHANTED_CARROT', 8),
    ('CARROT_GENERATOR_5' 0, 'ENCHANTED_CARROT', 24),
    ('CARROT_GENERATOR_6' 0, 'ENCHANTED_CARROT', 64),
    ('CARROT_GENERATOR_7' 0, 'ENCHANTED_CARROT', 128),
    ('CARROT_GENERATOR_8' 0, 'ENCHANTED_CARROT', 256),
    ('CARROT_GENERATOR_9' 0, 'ENCHANTED_CARROT', 512),
    ('CARROT_GENERATOR_10' 0, 'ENCHANTED_GOLDEN_CARROT', 8),
    ('CARROT_GENERATOR_11' 0, 'ENCHANTED_GOLDEN_CARROT', 16),
    ('CARROT_GENERATOR_12' 0, 'ENCHANTED_GOLDEN_CARROT', 32),
    ('POTATO_GENERATOR_1' 0, 'POTATO_ITEM', 128),
    ('POTATO_GENERATOR_2' 0, 'POTATO_ITEM', 256),
    ('POTATO_GENERATOR_3' 0, 'POTATO_ITEM', 512),
    ('POTATO_GENERATOR_4' 0, 'ENCHANTED_POTATO', 8),
    ('POTATO_GENERATOR_5' 0, 'ENCHANTED_POTATO', 24),
    ('POTATO_GENERATOR_6' 0, 'ENCHANTED_POTATO', 64),
    ('POTATO_GENERATOR_7' 0, 'ENCHANTED_POTATO', 128),
    ('POTATO_GENERATOR_8' 0, 'ENCHANTED_POTATO', 256),
    ('POTATO_GENERATOR_9' 0, 'ENCHANTED_POTATO', 512),
    ('POTATO_GENERATOR_10' 0, 'ENCHANTED_BAKED_POTATO', 8),
    ('POTATO_GENERATOR_11' 0, 'ENCHANTED_BAKED_POTATO', 16),
    ('POTATO_GENERATOR_12' 0, 'ENCHANTED_BAKED_POTATO', 32),
    ('PUMPKIN_GENERATOR_1' 0, 'PUMPKIN', 80),
    ('PUMPKIN_GENERATOR_2' 0, 'PUMPKIN', 160),
    ('PUMPKIN_GENERATOR_3' 0, 'PUMPKIN', 320),
    ('PUMPKIN_GENERATOR_4' 0, 'PUMPKIN', 512),
    ('PUMPKIN_GENERATOR_5' 0, 'ENCHANTED_PUMPKIN', 8),
    ('PUMPKIN_GENERATOR_6' 0, 'ENCHANTED_PUMPKIN', 16),
    ('PUMPKIN_GENERATOR_7' 0, 'ENCHANTED_PUMPKIN', 32),
    ('PUMPKIN_GENERATOR_8' 0, 'ENCHANTED_PUMPKIN', 64),
    ('PUMPKIN_GENERATOR_9' 0, 'ENCHANTED_PUMPKIN', 128),
    ('PUMPKIN_GENERATOR_10' 0, 'ENCHANTED_PUMPKIN', 256),
    ('PUMPKIN_GENERATOR_11' 0, 'ENCHANTED_PUMPKIN', 512),
    ('PUMPKIN_GENERATOR_12' 0, 'ENCHANTED_PUMPKIN', 1024),
    ('MELON_GENERATOR_1' 0, 'MELON', 256),
    ('MELON_GENERATOR_2' 0, 'MELON', 512),
    ('MELON_GENERATOR_3' 0, 'MELON', 1152),
    ('MELON_GENERATOR_4' 0, 'MELON', 2304),
    ('MELON_GENERATOR_5' 0, 'MELON', 4608),
    ('MELON_GENERATOR_6' 0, 'ENCHANTED_MELON', 64),
    ('MELON_GENERATOR_7' 0, 'ENCHANTED_MELON', 128),
    ('MELON_GENERATOR_8' 0, 'ENCHANTED_MELON', 256),
    ('MELON_GENERATOR_9' 0, 'ENCHANTED_MELON', 512),
    ('MELON_GENERATOR_10' 0, 'ENCHANTED_MELON_BLOCK', 8),
    ('MELON_GENERATOR_11' 0, 'ENCHANTED_MELON_BLOCK', 16),
    ('MELON_GENERATOR_12' 0, 'ENCHANTED_MELON_BLOCK', 32),
    ('MUSHROOM_GENERATOR_1' 0, 'RED_MUSHROOM', 80),
    ('MUSHROOM_GENERATOR_2' 0, 'RED_MUSHROOM', 160),
    ('MUSHROOM_GENERATOR_3' 0, 'RED_MUSHROOM', 320),
    ('MUSHROOM_GENERATOR_4' 0, 'RED_MUSHROOM', 512),
    ('MUSHROOM_GENERATOR_5' 0, 'ENCHANTED_RED_MUSHROOM', 8),
    ('MUSHROOM_GENERATOR_6' 0, 'ENCHANTED_RED_MUSHROOM', 16),
    ('MUSHROOM_GENERATOR_7' 0, 'ENCHANTED_RED_MUSHROOM', 32),
    ('MUSHROOM_GENERATOR_8' 0, 'ENCHANTED_RED_MUSHROOM', 64),
    ('MUSHROOM_GENERATOR_9' 0, 'ENCHANTED_RED_MUSHROOM', 128),
    ('MUSHROOM_GENERATOR_10' 0, 'ENCHANTED_RED_MUSHROOM', 256),
    ('MUSHROOM_GENERATOR_11' 0, 'ENCHANTED_RED_MUSHROOM', 512),
    ('MUSHROOM_GENERATOR_12' 0, 'ENCHANTED_RED_MUSHROOM', 512),
    ('COCOA_GENERATOR_1' 0, 'INK_SACK:3', 80),
    ('COCOA_GENERATOR_2' 0, 'INK_SACK:3', 160),
    ('COCOA_GENERATOR_3' 0, 'INK_SACK:3', 320),
    ('COCOA_GENERATOR_4' 0, 'INK_SACK:3', 512),
    ('COCOA_GENERATOR_5' 0, 'ENCHANTED_COCOA', 8),
    ('COCOA_GENERATOR_6' 0, 'ENCHANTED_COCOA', 24),
    ('COCOA_GENERATOR_7' 0, 'ENCHANTED_COCOA', 64),
    ('COCOA_GENERATOR_8' 0, 'ENCHANTED_COCOA', 128),
    ('COCOA_GENERATOR_9' 0, 'ENCHANTED_COCOA', 256),
    ('COCOA_GENERATOR_10' 0, 'ENCHANTED_COCOA', 512),
    ('COCOA_GENERATOR_11' 0, 'ENCHANTED_COOKIE', 8),
    ('COCOA_GENERATOR_12' 0, 'ENCHANTED_COOKIE', 16),
    ('CACTUS_GENERATOR_1' 0, 'CACTUS', 128),
    ('CACTUS_GENERATOR_2' 0, 'CACTUS', 256),
    ('CACTUS_GENERATOR_3' 0, 'CACTUS', 512),
    ('CACTUS_GENERATOR_4' 0, 'ENCHANTED_CACTUS_GREEN', 8),
    ('CACTUS_GENERATOR_5' 0, 'ENCHANTED_CACTUS_GREEN', 24),
    ('CACTUS_GENERATOR_6' 0, 'ENCHANTED_CACTUS_GREEN', 64),
    ('CACTUS_GENERATOR_7' 0, 'ENCHANTED_CACTUS_GREEN', 128),
    ('CACTUS_GENERATOR_8' 0, 'ENCHANTED_CACTUS_GREEN', 256),
    ('CACTUS_GENERATOR_9' 0, 'ENCHANTED_CACTUS_GREEN', 512),
    ('CACTUS_GENERATOR_10' 0, 'ENCHANTED_CACTUS', 8),
    ('CACTUS_GENERATOR_11' 0, 'ENCHANTED_CACTUS', 16),
    ('CACTUS_GENERATOR_12' 0, 'ENCHANTED_CACTUS', 32),
    ('SUGAR_CANE_GENERATOR_1' 0, 'SUGAR_CANE', 128),
    ('SUGAR_CANE_GENERATOR_2' 0, 'SUGAR_CANE', 256),
    ('SUGAR_CANE_GENERATOR_3' 0, 'SUGAR_CANE', 512),
    ('SUGAR_CANE_GENERATOR_4' 0, 'ENCHANTED_SUGAR', 8),
    ('SUGAR_CANE_GENERATOR_5' 0, 'ENCHANTED_SUGAR', 24),
    ('SUGAR_CANE_GENERATOR_6' 0, 'ENCHANTED_SUGAR', 64),
    ('SUGAR_CANE_GENERATOR_7' 0, 'ENCHANTED_SUGAR', 128),
    ('SUGAR_CANE_GENERATOR_8' 0, 'ENCHANTED_SUGAR', 256),
    ('SUGAR_CANE_GENERATOR_9' 0, 'ENCHANTED_SUGAR', 512),
    ('SUGAR_CANE_GENERATOR_10' 0, 'ENCHANTED_SUGAR_CANE', 8),
    ('SUGAR_CANE_GENERATOR_11' 0, 'ENCHANTED_SUGAR_CANE', 16),
    ('SUGAR_CANE_GENERATOR_12' 0, 'ENCHANTED_SUGAR_CANE', 32),
    ('COW_GENERATOR_1' 0, 'RAW_BEEF', 64),
    ('COW_GENERATOR_2' 0, 'RAW_BEEF', 128),
    ('COW_GENERATOR_3' 0, 'RAW_BEEF', 256),
    ('COW_GENERATOR_4' 0, 'RAW_BEEF', 512),
    ('COW_GENERATOR_5' 0, 'ENCHANTED_RAW_BEEF', 8),
    ('COW_GENERATOR_6' 0, 'ENCHANTED_RAW_BEEF', 24),
    ('COW_GENERATOR_7' 0, 'ENCHANTED_RAW_BEEF', 64),
    ('COW_GENERATOR_8' 0, 'ENCHANTED_RAW_BEEF', 128),
    ('COW_GENERATOR_9' 0, 'ENCHANTED_RAW_BEEF', 256),
    ('COW_GENERATOR_10' 0, 'ENCHANTED_RAW_BEEF', 512),
    ('COW_GENERATOR_11' 0, 'ENCHANTED_LEATHER', 256),
    ('COW_GENERATOR_12' 0, 'ENCHANTED_LEATHER', 512),
    ('PIG_GENERATOR_1' 0, 'PORK', 64),
    ('PIG_GENERATOR_2' 0, 'PORK', 128),
    ('PIG_GENERATOR_3' 0, 'PORK', 256),
    ('PIG_GENERATOR_4' 0, 'PORK', 512),
    ('PIG_GENERATOR_5' 0, 'ENCHANTED_PORK', 8),
    ('PIG_GENERATOR_6' 0, 'ENCHANTED_PORK', 24),
    ('PIG_GENERATOR_7' 0, 'ENCHANTED_PORK', 64),
    ('PIG_GENERATOR_8' 0, 'ENCHANTED_PORK', 128),
    ('PIG_GENERATOR_9' 0, 'ENCHANTED_PORK', 256),
    ('PIG_GENERATOR_10' 0, 'ENCHANTED_PORK', 512),
    ('PIG_GENERATOR_11' 0, 'ENCHANTED_GRILLED_PORK', 8),
    ('PIG_GENERATOR_12' 0, 'ENCHANTED_GRILLED_PORK', 16),
    ('CHICKEN_GENERATOR_1' 0, 'RAW_CHICKEN', 64),
    ('CHICKEN_GENERATOR_2' 0, 'RAW_CHICKEN', 128),
    ('CHICKEN_GENERATOR_3' 0, 'RAW_CHICKEN', 256),
    ('CHICKEN_GENERATOR_4' 0, 'RAW_CHICKEN', 512),
    ('CHICKEN_GENERATOR_5' 0, 'ENCHANTED_RAW_CHICKEN', 8),
    ('CHICKEN_GENERATOR_6' 0, 'ENCHANTED_RAW_CHICKEN', 16),
    ('CHICKEN_GENERATOR_7' 0, 'ENCHANTED_RAW_CHICKEN', 32),
    ('CHICKEN_GENERATOR_8' 0, 'ENCHANTED_RAW_CHICKEN', 64),
    ('CHICKEN_GENERATOR_9' 0, 'ENCHANTED_RAW_CHICKEN', 128),
    ('CHICKEN_GENERATOR_10' 0, 'ENCHANTED_RAW_CHICKEN', 256),
    ('CHICKEN_GENERATOR_11' 0, 'ENCHANTED_RAW_CHICKEN', 512),
    ('CHICKEN_GENERATOR_12' 0, 'ENCHANTED_RAW_CHICKEN', 1024),
    ('SHEEP_GENERATOR_1' 0, 'MUTTON', 64),
    ('SHEEP_GENERATOR_2' 0, 'MUTTON', 128),
    ('SHEEP_GENERATOR_3' 0, 'MUTTON', 256),
    ('SHEEP_GENERATOR_4' 0, 'MUTTON', 512),
    ('SHEEP_GENERATOR_5' 0, 'ENCHANTED_MUTTON', 8),
    ('SHEEP_GENERATOR_6' 0, 'ENCHANTED_MUTTON', 24),
    ('SHEEP_GENERATOR_7' 0, 'ENCHANTED_MUTTON', 64),
    ('SHEEP_GENERATOR_8' 0, 'ENCHANTED_MUTTON', 128),
    ('SHEEP_GENERATOR_9' 0, 'ENCHANTED_MUTTON', 256),
    ('SHEEP_GENERATOR_10' 0, 'ENCHANTED_MUTTON', 512),
    ('SHEEP_GENERATOR_11' 0, 'ENCHANTED_COOKED_MUTTON', 8),
    ('SHEEP_GENERATOR_12' 0, 'ENCHANTED_COOKED_MUTTON', 16),
    ('RABBIT_GENERATOR_1' 0, 'RABBIT', 64),
    ('RABBIT_GENERATOR_2' 0, 'RABBIT', 128),
    ('RABBIT_GENERATOR_3' 0, 'RABBIT', 256),
    ('RABBIT_GENERATOR_4' 0, 'RABBIT', 512),
    ('RABBIT_GENERATOR_5' 0, 'ENCHANTED_RABBIT_FOOT', 32),
    ('RABBIT_GENERATOR_6' 0, 'ENCHANTED_RABBIT_FOOT', 64),
    ('RABBIT_GENERATOR_7' 0, 'ENCHANTED_RABBIT_FOOT', 128),
    ('RABBIT_GENERATOR_8' 0, 'ENCHANTED_RABBIT_FOOT', 256),
    ('RABBIT_GENERATOR_9' 0, 'ENCHANTED_RABBIT_FOOT', 512),
    ('RABBIT_GENERATOR_10' 0, 'ENCHANTED_RABBIT_HIDE', 256),
    ('RABBIT_GENERATOR_11' 0, 'ENCHANTED_RABBIT_HIDE', 512),
    ('RABBIT_GENERATOR_12' 0, 'ENCHANTED_RABBIT_HIDE', 1024),
    ('NETHER_WARTS_GENERATOR_1' 0, 'NETHER_STALK', 80),
    ('NETHER_WARTS_GENERATOR_2' 0, 'NETHER_STALK', 160),
    ('NETHER_WARTS_GENERATOR_3' 0, 'NETHER_STALK', 320),
    ('NETHER_WARTS_GENERATOR_4' 0, 'NETHER_STALK', 512),
    ('NETHER_WARTS_GENERATOR_5' 0, 'ENCHANTED_NETHER_STALK', 8),
    ('NETHER_WARTS_GENERATOR_6' 0, 'ENCHANTED_NETHER_STALK', 16),
    ('NETHER_WARTS_GENERATOR_7' 0, 'ENCHANTED_NETHER_STALK', 32),
    ('NETHER_WARTS_GENERATOR_8' 0, 'ENCHANTED_NETHER_STALK', 64),
    ('NETHER_WARTS_GENERATOR_9' 0, 'ENCHANTED_NETHER_STALK', 128),
    ('NETHER_WARTS_GENERATOR_10' 0, 'ENCHANTED_NETHER_STALK', 256),
    ('NETHER_WARTS_GENERATOR_11' 0, 'ENCHANTED_NETHER_STALK', 512),
    ('NETHER_WARTS_GENERATOR_12' 0, 'ENCHANTED_NETHER_STALK', 1024),
    ('COBBLESTONE_GENERATOR_1' 0, 'COBBLESTONE', 80),
    ('COBBLESTONE_GENERATOR_2' 0, 'COBBLESTONE', 160),
    ('COBBLESTONE_GENERATOR_3' 0, 'COBBLESTONE', 320),
    ('COBBLESTONE_GENERATOR_4' 0, 'COBBLESTONE', 512),
    ('COBBLESTONE_GENERATOR_5' 0, 'ENCHANTED_COBBLESTONE', 8),
    ('COBBLESTONE_GENERATOR_6' 0, 'ENCHANTED_COBBLESTONE', 16),
    ('COBBLESTONE_GENERATOR_7' 0, 'ENCHANTED_COBBLESTONE', 32),
    ('COBBLESTONE_GENERATOR_8' 0, 'ENCHANTED_COBBLESTONE', 64),
    ('COBBLESTONE_GENERATOR_9' 0, 'ENCHANTED_COBBLESTONE', 128),
    ('COBBLESTONE_GENERATOR_10' 0, 'ENCHANTED_COBBLESTONE', 256),
    ('COBBLESTONE_GENERATOR_11' 0, 'ENCHANTED_COBBLESTONE', 512),
    ('COBBLESTONE_GENERATOR_12' 2000000, 'ENCHANTED_COBBLESTONE', 1024),
    ('COAL_GENERATOR_1' 0, 'COAL', 80),
    ('COAL_GENERATOR_2' 0, 'COAL', 160),
    ('COAL_GENERATOR_3' 0, 'COAL', 320),
    ('COAL_GENERATOR_4' 0, 'COAL', 512),
    ('COAL_GENERATOR_5' 0, 'ENCHANTED_COAL', 8),
    ('COAL_GENERATOR_6' 0, 'ENCHANTED_COAL', 24),
    ('COAL_GENERATOR_7' 0, 'ENCHANTED_COAL', 64),
    ('COAL_GENERATOR_8' 0, 'ENCHANTED_COAL', 128),
    ('COAL_GENERATOR_9' 0, 'ENCHANTED_COAL', 256),
    ('COAL_GENERATOR_10' 0, 'ENCHANTED_COAL', 512),
    ('COAL_GENERATOR_11' 0, 'ENCHANTED_COAL_BLOCK', 8),
    ('COAL_GENERATOR_12' 2000000, 'ENCHANTED_COAL_BLOCK', 16),
    ('IRON_GENERATOR_1' 0, 'IRON_INGOT', 80),
    ('IRON_GENERATOR_2' 0, 'IRON_INGOT', 160),
    ('IRON_GENERATOR_3' 0, 'IRON_INGOT', 320),
    ('IRON_GENERATOR_4' 0, 'IRON_INGOT', 512),
    ('IRON_GENERATOR_5' 0, 'ENCHANTED_IRON', 8),
    ('IRON_GENERATOR_6' 0, 'ENCHANTED_IRON', 24),
    ('IRON_GENERATOR_7' 0, 'ENCHANTED_IRON', 64),
    ('IRON_GENERATOR_8' 0, 'ENCHANTED_IRON', 128),
    ('IRON_GENERATOR_9' 0, 'ENCHANTED_IRON', 256),
    ('IRON_GENERATOR_10' 0, 'ENCHANTED_IRON', 512),
    ('IRON_GENERATOR_11' 0, 'ENCHANTED_IRON_BLOCK', 8),
    ('IRON_GENERATOR_12' 2000000, 'ENCHANTED_IRON_BLOCK', 16),
    ('GOLD_GENERATOR_1' 0, 'GOLD_INGOT', 80),
    ('GOLD_GENERATOR_2' 0, 'GOLD_INGOT', 160),
    ('GOLD_GENERATOR_3' 0, 'GOLD_INGOT', 320),
    ('GOLD_GENERATOR_4' 0, 'GOLD_INGOT', 512),
    ('GOLD_GENERATOR_5' 0, 'ENCHANTED_GOLD', 8),
    ('GOLD_GENERATOR_6' 0, 'ENCHANTED_GOLD', 24),
    ('GOLD_GENERATOR_7' 0, 'ENCHANTED_GOLD', 64),
    ('GOLD_GENERATOR_8' 0, 'ENCHANTED_GOLD', 128),
    ('GOLD_GENERATOR_9' 0, 'ENCHANTED_GOLD', 256),
    ('GOLD_GENERATOR_10' 0, 'ENCHANTED_GOLD', 512),
    ('GOLD_GENERATOR_11' 0, 'ENCHANTED_GOLD_BLOCK', 8),
    ('GOLD_GENERATOR_12' 2000000, 'ENCHANTED_GOLD_BLOCK', 16),
    ('DIAMOND_GENERATOR_1' 0, 'DIAMOND', 80),
    ('DIAMOND_GENERATOR_2' 0, 'DIAMOND', 160),
    ('DIAMOND_GENERATOR_3' 0, 'DIAMOND', 320),
    ('DIAMOND_GENERATOR_4' 0, 'DIAMOND', 512),
    ('DIAMOND_GENERATOR_5' 0, 'ENCHANTED_DIAMOND', 8),
    ('DIAMOND_GENERATOR_6' 0, 'ENCHANTED_DIAMOND', 24),
    ('DIAMOND_GENERATOR_7' 0, 'ENCHANTED_DIAMOND', 64),
    ('DIAMOND_GENERATOR_8' 0, 'ENCHANTED_DIAMOND', 128),
    ('DIAMOND_GENERATOR_9' 0, 'ENCHANTED_DIAMOND', 256),
    ('DIAMOND_GENERATOR_10' 0, 'ENCHANTED_DIAMOND', 512),
    ('DIAMOND_GENERATOR_11' 0, 'ENCHANTED_DIAMOND_BLOCK', 8),
    ('DIAMOND_GENERATOR_12' 2000000, 'ENCHANTED_DIAMOND_BLOCK', 16),
    ('LAPIS_GENERATOR_1' 0, 'INK_SACK:4', 256),
    ('LAPIS_GENERATOR_2' 0, 'INK_SACK:4', 512),
    ('LAPIS_GENERATOR_3' 0, 'ENCHANTED_LAPIS_LAZULI', 8),
    ('LAPIS_GENERATOR_4' 0, 'ENCHANTED_LAPIS_LAZULI', 24),
    ('LAPIS_GENERATOR_5' 0, 'ENCHANTED_LAPIS_LAZULI', 64),
    ('LAPIS_GENERATOR_6' 0, 'ENCHANTED_LAPIS_LAZULI', 128),
    ('LAPIS_GENERATOR_7' 0, 'ENCHANTED_LAPIS_LAZULI', 256),
    ('LAPIS_GENERATOR_8' 0, 'ENCHANTED_LAPIS_LAZULI', 512),
    ('LAPIS_GENERATOR_9' 0, 'ENCHANTED_LAPIS_LAZULI_BLOCK', 8),
    ('LAPIS_GENERATOR_10' 0, 'ENCHANTED_LAPIS_LAZULI_BLOCK', 16),
    ('LAPIS_GENERATOR_11' 0, 'ENCHANTED_LAPIS_LAZULI_BLOCK', 32),
    ('LAPIS_GENERATOR_12' 2000000, 'ENCHANTED_LAPIS_LAZULI_BLOCK', 64),
    ('EMERALD_GENERATOR_1' 0, 'EMERALD', 80),
    ('EMERALD_GENERATOR_2' 0, 'EMERALD', 160),
    ('EMERALD_GENERATOR_3' 0, 'EMERALD', 320),
    ('EMERALD_GENERATOR_4' 0, 'EMERALD', 512),
    ('EMERALD_GENERATOR_5' 0, 'ENCHANTED_EMERALD', 8),
    ('EMERALD_GENERATOR_6' 0, 'ENCHANTED_EMERALD', 24),
    ('EMERALD_GENERATOR_7' 0, 'ENCHANTED_EMERALD', 64),
    ('EMERALD_GENERATOR_8' 0, 'ENCHANTED_EMERALD', 128),
    ('EMERALD_GENERATOR_9' 0, 'ENCHANTED_EMERALD', 256),
    ('EMERALD_GENERATOR_10' 0, 'ENCHANTED_EMERALD', 512),
    ('EMERALD_GENERATOR_11' 0, 'ENCHANTED_EMERALD_BLOCK', 8),
    ('EMERALD_GENERATOR_12' 2000000, 'ENCHANTED_EMERALD_BLOCK', 16),
    ('REDSTONE_GENERATOR_1' 0, 'REDSTONE', 128),
    ('REDSTONE_GENERATOR_2' 0, 'REDSTONE', 256),
    ('REDSTONE_GENERATOR_3' 0, 'REDSTONE', 512),
    ('REDSTONE_GENERATOR_4' 0, 'ENCHANTED_REDSTONE', 8),
    ('REDSTONE_GENERATOR_5' 0, 'ENCHANTED_REDSTONE', 24),
    ('REDSTONE_GENERATOR_6' 0, 'ENCHANTED_REDSTONE', 64),
    ('REDSTONE_GENERATOR_7' 0, 'ENCHANTED_REDSTONE', 128),
    ('REDSTONE_GENERATOR_8' 0, 'ENCHANTED_REDSTONE', 256),
    ('REDSTONE_GENERATOR_9' 0, 'ENCHANTED_REDSTONE', 512),
    ('REDSTONE_GENERATOR_10' 0, 'ENCHANTED_REDSTONE_BLOCK', 8),
    ('REDSTONE_GENERATOR_11' 0, 'ENCHANTED_REDSTONE_BLOCK', 16),
    ('REDSTONE_GENERATOR_12' 2000000, 'ENCHANTED_REDSTONE_BLOCK', 32),
    ('QUARTZ_GENERATOR_1' 0, 'QUARTZ', 80),
    ('QUARTZ_GENERATOR_2' 0, 'QUARTZ', 160),
    ('QUARTZ_GENERATOR_3' 0, 'QUARTZ', 320),
    ('QUARTZ_GENERATOR_4' 0, 'QUARTZ', 512),
    ('QUARTZ_GENERATOR_5' 0, 'ENCHANTED_QUARTZ', 8),
    ('QUARTZ_GENERATOR_6' 0, 'ENCHANTED_QUARTZ', 24),
    ('QUARTZ_GENERATOR_7' 0, 'ENCHANTED_QUARTZ', 64),
    ('QUARTZ_GENERATOR_8' 0, 'ENCHANTED_QUARTZ', 128),
    ('QUARTZ_GENERATOR_9' 0, 'ENCHANTED_QUARTZ', 256),
    ('QUARTZ_GENERATOR_10' 0, 'ENCHANTED_QUARTZ', 512),
    ('QUARTZ_GENERATOR_11' 0, 'ENCHANTED_QUARTZ_BLOCK', 8),
    ('OBSIDIAN_GENERATOR_1' 0, 'OBSIDIAN', 80),
    ('OBSIDIAN_GENERATOR_2' 0, 'OBSIDIAN', 160),
    ('OBSIDIAN_GENERATOR_3' 0, 'OBSIDIAN', 320),
    ('OBSIDIAN_GENERATOR_4' 0, 'OBSIDIAN', 512),
    ('OBSIDIAN_GENERATOR_5' 0, 'ENCHANTED_OBSIDIAN', 8),
    ('OBSIDIAN_GENERATOR_6' 0, 'ENCHANTED_OBSIDIAN', 16),
    ('OBSIDIAN_GENERATOR_7' 0, 'ENCHANTED_OBSIDIAN', 32),
    ('OBSIDIAN_GENERATOR_8' 0, 'ENCHANTED_OBSIDIAN', 64),
    ('OBSIDIAN_GENERATOR_9' 0, 'ENCHANTED_OBSIDIAN', 128),
    ('OBSIDIAN_GENERATOR_10' 0, 'ENCHANTED_OBSIDIAN', 256),
    ('OBSIDIAN_GENERATOR_11' 0, 'ENCHANTED_OBSIDIAN', 512),
    ('OBSIDIAN_GENERATOR_12' 2000000, 'ENCHANTED_OBSIDIAN', 1024),
    ('GLOWSTONE_GENERATOR_1' 0, 'GLOWSTONE_DUST', 128),
    ('GLOWSTONE_GENERATOR_2' 0, 'GLOWSTONE_DUST', 256),
    ('GLOWSTONE_GENERATOR_3' 0, 'GLOWSTONE_DUST', 512),
    ('GLOWSTONE_GENERATOR_4' 0, 'ENCHANTED_GLOWSTONE_DUST', 8),
    ('GLOWSTONE_GENERATOR_5' 0, 'ENCHANTED_GLOWSTONE_DUST', 24),
    ('GLOWSTONE_GENERATOR_6' 0, 'ENCHANTED_GLOWSTONE_DUST', 64),
    ('GLOWSTONE_GENERATOR_7' 0, 'ENCHANTED_GLOWSTONE_DUST', 128),
    ('GLOWSTONE_GENERATOR_8' 0, 'ENCHANTED_GLOWSTONE_DUST', 256),
    ('GLOWSTONE_GENERATOR_9' 0, 'ENCHANTED_GLOWSTONE_DUST', 512),
    ('GLOWSTONE_GENERATOR_10' 0, 'ENCHANTED_GLOWSTONE', 8),
    ('GLOWSTONE_GENERATOR_11' 0, 'ENCHANTED_GLOWSTONE', 16),
    ('GRAVEL_GENERATOR_1' 0, 'GRAVEL', 80),
    ('GRAVEL_GENERATOR_2' 0, 'GRAVEL', 160),
    ('GRAVEL_GENERATOR_3' 0, 'GRAVEL', 320),
    ('GRAVEL_GENERATOR_4' 0, 'GRAVEL', 512),
    ('GRAVEL_GENERATOR_5' 0, 'ENCHANTED_FLINT', 8),
    ('GRAVEL_GENERATOR_6' 0, 'ENCHANTED_FLINT', 16),
    ('GRAVEL_GENERATOR_7' 0, 'ENCHANTED_FLINT', 32),
    ('GRAVEL_GENERATOR_8' 0, 'ENCHANTED_FLINT', 64),
    ('GRAVEL_GENERATOR_9' 0, 'ENCHANTED_FLINT', 128),
    ('GRAVEL_GENERATOR_10' 0, 'ENCHANTED_FLINT', 256),
    ('GRAVEL_GENERATOR_11' 0, 'ENCHANTED_FLINT', 512),
    ('ICE_GENERATOR_1' 0, 'ICE', 80),
    ('ICE_GENERATOR_2' 0, 'ICE', 160),
    ('ICE_GENERATOR_3' 0, 'ICE', 320),
    ('ICE_GENERATOR_4' 0, 'ICE', 512),
    ('ICE_GENERATOR_5' 0, 'PACKED_ICE', 128),
    ('ICE_GENERATOR_6' 0, 'PACKED_ICE', 256),
    ('ICE_GENERATOR_7' 0, 'PACKED_ICE', 512),
    ('ICE_GENERATOR_8' 0, 'ENCHANTED_ICE', 64),
    ('ICE_GENERATOR_9' 0, 'ENCHANTED_ICE', 128),
    ('ICE_GENERATOR_10' 0, 'ENCHANTED_ICE', 256),
    ('ICE_GENERATOR_11' 0, 'ENCHANTED_ICE', 512),
    ('SAND_GENERATOR_1' 0, 'SAND', 80),
    ('SAND_GENERATOR_2' 0, 'SAND', 160),
    ('SAND_GENERATOR_3' 0, 'SAND', 320),
    ('SAND_GENERATOR_4' 0, 'SAND', 512),
    ('SAND_GENERATOR_5' 0, 'ENCHANTED_SAND', 8),
    ('SAND_GENERATOR_6' 0, 'ENCHANTED_SAND', 16),
    ('SAND_GENERATOR_7' 0, 'ENCHANTED_SAND', 32),
    ('SAND_GENERATOR_8' 0, 'ENCHANTED_SAND', 64),
    ('SAND_GENERATOR_9' 0, 'ENCHANTED_SAND', 128),
    ('SAND_GENERATOR_10' 0, 'ENCHANTED_SAND', 256),
    ('SAND_GENERATOR_11' 0, 'ENCHANTED_SAND', 512),
    ('ENDER_STONE_GENERATOR_1' 0, 'ENDER_STONE', 80),
    ('ENDER_STONE_GENERATOR_2' 0, 'ENDER_STONE', 160),
    ('ENDER_STONE_GENERATOR_3' 0, 'ENDER_STONE', 320),
    ('ENDER_STONE_GENERATOR_4' 0, 'ENDER_STONE', 512),
    ('ENDER_STONE_GENERATOR_5' 0, 'ENCHANTED_ENDSTONE', 8),
    ('ENDER_STONE_GENERATOR_6' 0, 'ENCHANTED_ENDSTONE', 16),
    ('ENDER_STONE_GENERATOR_7' 0, 'ENCHANTED_ENDSTONE', 32),
    ('ENDER_STONE_GENERATOR_8' 0, 'ENCHANTED_ENDSTONE', 64),
    ('ENDER_STONE_GENERATOR_9' 0, 'ENCHANTED_ENDSTONE', 128),
    ('ENDER_STONE_GENERATOR_10' 0, 'ENCHANTED_ENDSTONE', 256),
    ('ENDER_STONE_GENERATOR_11' 0, 'ENCHANTED_ENDSTONE', 512),
    ('CLAY_GENERATOR_1' 0, 'CLAY_BALL', 80),
    ('CLAY_GENERATOR_2' 0, 'CLAY_BALL', 160),
    ('CLAY_GENERATOR_3' 0, 'CLAY_BALL', 320),
    ('CLAY_GENERATOR_4' 0, 'CLAY_BALL', 512),
    ('CLAY_GENERATOR_5' 0, 'ENCHANTED_CLAY_BALL', 8),
    ('CLAY_GENERATOR_6' 0, 'ENCHANTED_CLAY_BALL', 16),
    ('CLAY_GENERATOR_7' 0, 'ENCHANTED_CLAY_BALL', 32),
    ('CLAY_GENERATOR_8' 0, 'ENCHANTED_CLAY_BALL', 64),
    ('CLAY_GENERATOR_9' 0, 'ENCHANTED_CLAY_BALL', 128),
    ('CLAY_GENERATOR_10' 0, 'ENCHANTED_CLAY_BALL', 256),
    ('CLAY_GENERATOR_11' 0, 'ENCHANTED_CLAY_BALL', 512),
    ('MITHRIL_GENERATOR_1' 0, 'MITHRIL_ORE', 80),
    ('MITHRIL_GENERATOR_2' 0, 'MITHRIL_ORE', 160),
    ('MITHRIL_GENERATOR_3' 0, 'MITHRIL_ORE', 320),
    ('MITHRIL_GENERATOR_4' 0, 'MITHRIL_ORE', 512),
    ('MITHRIL_GENERATOR_5' 0, 'ENCHANTED_MITHRIL', 8),
    ('MITHRIL_GENERATOR_6' 0, 'ENCHANTED_MITHRIL', 24),
    ('MITHRIL_GENERATOR_7' 0, 'ENCHANTED_MITHRIL', 64),
    ('MITHRIL_GENERATOR_8' 0, 'ENCHANTED_MITHRIL', 128),
    ('MITHRIL_GENERATOR_9' 0, 'ENCHANTED_MITHRIL', 256),
    ('MITHRIL_GENERATOR_10' 0, 'ENCHANTED_MITHRIL', 512),
    ('MITHRIL_GENERATOR_11' 0, 'REFINED_MITHRIL', 8),
    ('MITHRIL_GENERATOR_12' 2000000, 'REFINED_MITHRIL', 16),
    ('SNOW_GENERATOR_2' 0, 'SNOW_BLOCK', 32),
    ('SNOW_GENERATOR_3' 0, 'SNOW_BLOCK', 64),
    ('SNOW_GENERATOR_4' 0, 'SNOW_BLOCK', 128),
    ('SNOW_GENERATOR_5' 0, 'SNOW_BLOCK', 256),
    ('SNOW_GENERATOR_6' 0, 'SNOW_BLOCK', 512),
    ('SNOW_GENERATOR_7' 0, 'ENCHANTED_SNOW_BLOCK', 8),
    ('SNOW_GENERATOR_8' 0, 'ENCHANTED_SNOW_BLOCK', 16),
    ('SNOW_GENERATOR_9' 0, 'ENCHANTED_SNOW_BLOCK', 32),
    ('SNOW_GENERATOR_10' 0, 'ENCHANTED_SNOW_BLOCK', 64),
    ('SNOW_GENERATOR_11' 0, 'ENCHANTED_SNOW_BLOCK', 128),
    ('ZOMBIE_GENERATOR_1' 0, 'ROTTEN_FLESH', 80),
    ('ZOMBIE_GENERATOR_2' 0, 'ROTTEN_FLESH', 160),
    ('ZOMBIE_GENERATOR_3' 0, 'ROTTEN_FLESH', 320),
    ('ZOMBIE_GENERATOR_4' 0, 'ROTTEN_FLESH', 512),
    ('ZOMBIE_GENERATOR_5' 0, 'ENCHANTED_ROTTEN_FLESH', 8),
    ('ZOMBIE_GENERATOR_6' 0, 'ENCHANTED_ROTTEN_FLESH', 16),
    ('ZOMBIE_GENERATOR_7' 0, 'ENCHANTED_ROTTEN_FLESH', 32),
    ('ZOMBIE_GENERATOR_8' 0, 'ENCHANTED_ROTTEN_FLESH', 64),
    ('ZOMBIE_GENERATOR_9' 0, 'ENCHANTED_ROTTEN_FLESH', 128),
    ('ZOMBIE_GENERATOR_10' 0, 'ENCHANTED_ROTTEN_FLESH', 256),
    ('ZOMBIE_GENERATOR_11' 0, 'ENCHANTED_ROTTEN_FLESH', 512),
    ('SKELETON_GENERATOR_1' 0, 'BONE', 80),
    ('SKELETON_GENERATOR_2' 0, 'BONE', 160),
    ('SKELETON_GENERATOR_3' 0, 'BONE', 320),
    ('SKELETON_GENERATOR_4' 0, 'BONE', 512),
    ('SKELETON_GENERATOR_5' 0, 'ENCHANTED_BONE', 8),
    ('SKELETON_GENERATOR_6' 0, 'ENCHANTED_BONE', 16),
    ('SKELETON_GENERATOR_7' 0, 'ENCHANTED_BONE', 32),
    ('SKELETON_GENERATOR_8' 0, 'ENCHANTED_BONE', 64),
    ('SKELETON_GENERATOR_9' 0, 'ENCHANTED_BONE', 128),
    ('SKELETON_GENERATOR_10' 0, 'ENCHANTED_BONE', 256),
    ('SKELETON_GENERATOR_11' 0, 'ENCHANTED_BONE', 512),
    ('SPIDER_GENERATOR_1' 0, 'SPIDER', 80),
    ('SPIDER_GENERATOR_2' 0, 'STRING', 160),
    ('SPIDER_GENERATOR_3' 0, 'STRING', 320),
    ('SPIDER_GENERATOR_4' 0, 'STRING', 512),
    ('SPIDER_GENERATOR_5' 0, 'ENCHANTED_STRING', 8),
    ('SPIDER_GENERATOR_6' 0, 'ENCHANTED_STRING', 16),
    ('SPIDER_GENERATOR_7' 0, 'ENCHANTED_STRING', 32),
    ('SPIDER_GENERATOR_8' 0, 'ENCHANTED_STRING', 64),
    ('SPIDER_GENERATOR_9' 0, 'ENCHANTED_STRING', 128),
    ('SPIDER_GENERATOR_10' 0, 'ENCHANTED_STRING', 256),
    ('SPIDER_GENERATOR_11' 0, 'ENCHANTED_STRING', 512),
    ('CAVESPIDER_GENERATOR_1' 0, 'SPIDER_EYE', 80),
    ('CAVESPIDER_GENERATOR_2' 0, 'SPIDER_EYE', 160),
    ('CAVESPIDER_GENERATOR_3' 0, 'SPIDER_EYE', 320),
    ('CAVESPIDER_GENERATOR_4' 0, 'SPIDER_EYE', 512),
    ('CAVESPIDER_GENERATOR_5' 0, 'ENCHANTED_SPIDER_EYE', 8),
    ('CAVESPIDER_GENERATOR_6' 0, 'ENCHANTED_SPIDER_EYE', 24),
    ('CAVESPIDER_GENERATOR_7' 0, 'ENCHANTED_SPIDER_EYE', 64),
    ('CAVESPIDER_GENERATOR_8' 0, 'ENCHANTED_SPIDER_EYE', 128),
    ('CAVESPIDER_GENERATOR_9' 0, 'ENCHANTED_SPIDER_EYE', 256),
    ('CAVESPIDER_GENERATOR_10' 0, 'ENCHANTED_SPIDER_EYE', 512),
    ('CAVESPIDER_GENERATOR_11' 0, 'ENCHANTED_FERMENTED_SPIDER_EYE', 16),
    ('CREEPER_GENERATOR_1' 0, 'SULPHUR', 80),
    ('CREEPER_GENERATOR_2' 0, 'SULPHUR', 160),
    ('CREEPER_GENERATOR_3' 0, 'SULPHUR', 320),
    ('CREEPER_GENERATOR_4' 0, 'SULPHUR', 512),
    ('CREEPER_GENERATOR_5' 0, 'ENCHANTED_GUNPOWDER', 8),
    ('CREEPER_GENERATOR_6' 0, 'ENCHANTED_GUNPOWDER', 24),
    ('CREEPER_GENERATOR_7' 0, 'ENCHANTED_GUNPOWDER', 64),
    ('CREEPER_GENERATOR_8' 0, 'ENCHANTED_GUNPOWDER', 128),
    ('CREEPER_GENERATOR_9' 0, 'ENCHANTED_GUNPOWDER', 256),
    ('CREEPER_GENERATOR_10' 0, 'ENCHANTED_GUNPOWDER', 512),
    ('CREEPER_GENERATOR_11' 0, 'ENCHANTED_FIREWORK_ROCKET', 16),
    ('ENDERMAN_GENERATOR_1' 0, 'ENDER_PEARL', 64),
    ('ENDERMAN_GENERATOR_2' 0, 'ENDER_PEARL', 128),
    ('ENDERMAN_GENERATOR_3' 0, 'ENCHANTED_ENDER_PEARL', 8),
    ('ENDERMAN_GENERATOR_4' 0, 'ENCHANTED_ENDER_PEARL', 24),
    ('ENDERMAN_GENERATOR_5' 0, 'ENCHANTED_ENDER_PEARL', 48),
    ('ENDERMAN_GENERATOR_6' 0, 'ENCHANTED_ENDER_PEARL', 96),
    ('ENDERMAN_GENERATOR_7' 0, 'ENCHANTED_EYE_OF_ENDER', 8),
    ('ENDERMAN_GENERATOR_8' 0, 'ENCHANTED_EYE_OF_ENDER', 24),
    ('ENDERMAN_GENERATOR_9' 0, 'ENCHANTED_EYE_OF_ENDER', 48),
    ('ENDERMAN_GENERATOR_10' 0, 'ENCHANTED_EYE_OF_ENDER', 96),
    ('ENDERMAN_GENERATOR_11' 0, 'ENCHANTED_EYE_OF_ENDER', 192),
    ('GHAST_GENERATOR_1' 0, 'GHAST_TEAR', 64),
    ('GHAST_GENERATOR_2' 0, 'GHAST_TEAR', 128),
    ('GHAST_GENERATOR_3' 0, 'GHAST_TEAR', 256),
    ('GHAST_GENERATOR_4' 0, 'GHAST_TEAR', 512),
    ('GHAST_GENERATOR_5' 0, 'ENCHANTED_GHAST_TEAR', 256),
    ('GHAST_GENERATOR_6' 0, 'ENCHANTED_GHAST_TEAR', 512),
    ('GHAST_GENERATOR_7' 0, 'ENCHANTED_GHAST_TEAR', 800),
    ('GHAST_GENERATOR_8' 0, 'ENCHANTED_GHAST_TEAR', 1600),
    ('GHAST_GENERATOR_9' 0, 'ENCHANTED_GHAST_TEAR', 3200),
    ('GHAST_GENERATOR_10' 0, 'ENCHANTED_GHAST_TEAR', 6400),
    ('GHAST_GENERATOR_11' 0, 'ENCHANTED_GHAST_TEAR', 12800),
    ('SLIME_GENERATOR_1' 0, 'SLIME_BALL', 80),
    ('SLIME_GENERATOR_2' 0, 'SLIME_BALL', 160),
    ('SLIME_GENERATOR_3' 0, 'SLIME_BALL', 320),
    ('SLIME_GENERATOR_4' 0, 'SLIME_BALL', 512),
    ('SLIME_GENERATOR_5' 0, 'ENCHANTED_SLIME_BALL', 8),
    ('SLIME_GENERATOR_6' 0, 'ENCHANTED_SLIME_BALL', 24),
    ('SLIME_GENERATOR_7' 0, 'ENCHANTED_SLIME_BALL', 64),
    ('SLIME_GENERATOR_8' 0, 'ENCHANTED_SLIME_BALL', 128),
    ('SLIME_GENERATOR_9' 0, 'ENCHANTED_SLIME_BALL', 256),
    ('SLIME_GENERATOR_10' 0, 'ENCHANTED_SLIME_BALL', 512),
    ('SLIME_GENERATOR_11' 0, 'ENCHANTED_SLIME_BLOCK', 8),
    ('BLAZE_GENERATOR_1' 0, 'BLAZE_ROD', 80),
    ('BLAZE_GENERATOR_2' 0, 'BLAZE_ROD', 160),
    ('BLAZE_GENERATOR_3' 0, 'BLAZE_ROD', 320),
    ('BLAZE_GENERATOR_4' 0, 'BLAZE_ROD', 512),
    ('BLAZE_GENERATOR_5' 0, 'ENCHANTED_BLAZE_POWDER', 8),
    ('BLAZE_GENERATOR_6' 0, 'ENCHANTED_BLAZE_POWDER', 24),
    ('BLAZE_GENERATOR_7' 0, 'ENCHANTED_BLAZE_POWDER', 64),
    ('BLAZE_GENERATOR_8' 0, 'ENCHANTED_BLAZE_POWDER', 128),
    ('BLAZE_GENERATOR_9' 0, 'ENCHANTED_BLAZE_POWDER', 256),
    ('BLAZE_GENERATOR_10' 0, 'ENCHANTED_BLAZE_POWDER', 512),
    ('BLAZE_GENERATOR_11' 0, 'ENCHANTED_BLAZE_ROD', 8),
    ('MAGMA_CUBE_GENERATOR_1' 0, 'MAGMA_CREAM', 80),
    ('MAGMA_CUBE_GENERATOR_2' 0, 'MAGMA_CREAM', 160),
    ('MAGMA_CUBE_GENERATOR_3' 0, 'MAGMA_CREAM', 320),
    ('MAGMA_CUBE_GENERATOR_4' 0, 'MAGMA_CREAM', 512),
    ('MAGMA_CUBE_GENERATOR_5' 0, 'ENCHANTED_MAGMA_CREAM', 8),
    ('MAGMA_CUBE_GENERATOR_6' 0, 'ENCHANTED_MAGMA_CREAM', 16),
    ('MAGMA_CUBE_GENERATOR_7' 0, 'ENCHANTED_MAGMA_CREAM', 32),
    ('MAGMA_CUBE_GENERATOR_8' 0, 'ENCHANTED_MAGMA_CREAM', 64),
    ('MAGMA_CUBE_GENERATOR_9' 0, 'ENCHANTED_MAGMA_CREAM', 128),
    ('MAGMA_CUBE_GENERATOR_10' 0, 'ENCHANTED_MAGMA_CREAM', 256),
    ('MAGMA_CUBE_GENERATOR_11' 0, 'ENCHANTED_MAGMA_CREAM', 512),
    ('REVENANT_GENERATOR_1' 0, 'REVENANT_FLESH', 80),
    ('REVENANT_GENERATOR_1' 0, 'CRYSTALLIZED_HEART', 1),
    ('REVENANT_GENERATOR_2' 0, 'REVENANT_FLESH', 140),
    ('REVENANT_GENERATOR_2' 0, 'ROTTEN_FLESH', 80),
    ('REVENANT_GENERATOR_3' 0, 'REVENANT_FLESH', 280),
    ('REVENANT_GENERATOR_3' 0, 'ROTTEN_FLESH', 160),
    ('REVENANT_GENERATOR_4' 0, 'REVENANT_FLESH', 448),
    ('REVENANT_GENERATOR_4' 0, 'ROTTEN_FLESH', 320),
    ('REVENANT_GENERATOR_5' 0, 'REVENANT_VISCERA', 7),
    ('REVENANT_GENERATOR_5' 0, 'ROTTEN_FLESH', 512),
    ('REVENANT_GENERATOR_6' 0, 'REVENANT_VISCERA', 14),
    ('REVENANT_GENERATOR_6' 0, 'ENCHANTED_ROTTEN_FLESH', 8),
    ('REVENANT_GENERATOR_7' 0, 'REVENANT_VISCERA', 28),
    ('REVENANT_GENERATOR_7' 0, 'ENCHANTED_ROTTEN_FLESH', 16),
    ('REVENANT_GENERATOR_8' 0, 'REVENANT_VISCERA', 56),
    ('REVENANT_GENERATOR_8' 0, 'ENCHANTED_ROTTEN_FLESH', 32),
    ('REVENANT_GENERATOR_9' 0, 'REVENANT_VISCERA', 112),
    ('REVENANT_GENERATOR_9' 0, 'ENCHANTED_ROTTEN_FLESH', 64),
    ('REVENANT_GENERATOR_10' 0, 'REVENANT_VISCERA', 224),
    ('REVENANT_GENERATOR_10' 0, 'ENCHANTED_ROTTEN_FLESH', 128),
    ('REVENANT_GENERATOR_11' 0, 'REVENANT_VISCERA', 448),
    ('REVENANT_GENERATOR_11' 0, 'ENCHANTED_ROTTEN_FLESH', 256),
    ('REVENANT_GENERATOR_12' 2000000, 'REVENANT_VISCERA', 64),
    ('TARANTULA_GENERATOR_1' 0, 'TARANTULA_WEB', 80),
    ('TARANTULA_GENERATOR_1' 0, 'ENCHANTED_FERMENTED_SPIDER_EYE', 1),
    ('TARANTULA_GENERATOR_2' 0, 'TARANTULA_WEB', 140),
    ('TARANTULA_GENERATOR_2' 0, 'STRING', 80),
    ('TARANTULA_GENERATOR_3' 0, 'TARANTULA_WEB', 280),
    ('TARANTULA_GENERATOR_3' 0, 'STRING', 160),
    ('TARANTULA_GENERATOR_4' 0, 'TARANTULA_WEB', 448),
    ('TARANTULA_GENERATOR_4' 0, 'STRING', 320),
    ('TARANTULA_GENERATOR_5' 0, 'TARANTULA_SILK', 7),
    ('TARANTULA_GENERATOR_5' 0, 'STRING', 512),
    ('TARANTULA_GENERATOR_6' 0, 'TARANTULA_SILK', 14),
    ('TARANTULA_GENERATOR_6' 0, 'ENCHANTED_STRING', 8),
    ('TARANTULA_GENERATOR_7' 0, 'TARANTULA_SILK', 28),
    ('TARANTULA_GENERATOR_7' 0, 'ENCHANTED_STRING', 16),
    ('TARANTULA_GENERATOR_8' 0, 'TARANTULA_SILK', 56),
    ('TARANTULA_GENERATOR_8' 0, 'ENCHANTED_STRING', 32),
    ('TARANTULA_GENERATOR_9' 0, 'TARANTULA_SILK', 112),
    ('TARANTULA_GENERATOR_9' 0, 'ENCHANTED_STRING', 64),
    ('TARANTULA_GENERATOR_10' 0, 'TARANTULA_SILK', 224),
    ('TARANTULA_GENERATOR_10' 0, 'ENCHANTED_STRING', 128),
    ('TARANTULA_GENERATOR_11' 0, 'TARANTULA_SILK', 448),
    ('TARANTULA_GENERATOR_11' 0, 'ENCHANTED_STRING', 256),
    ('OAK_GENERATOR_1' 0, 'LOG', 80),
    ('OAK_GENERATOR_2' 0, 'LOG', 160),
    ('OAK_GENERATOR_3' 0, 'LOG', 320),
    ('OAK_GENERATOR_4' 0, 'LOG', 512),
    ('OAK_GENERATOR_5' 0, 'ENCHANTED_OAK_LOG', 8),
    ('OAK_GENERATOR_6' 0, 'ENCHANTED_OAK_LOG', 16),
    ('OAK_GENERATOR_7' 0, 'ENCHANTED_OAK_LOG', 32),
    ('OAK_GENERATOR_8' 0, 'ENCHANTED_OAK_LOG', 64),
    ('OAK_GENERATOR_9' 0, 'ENCHANTED_OAK_LOG', 128),
    ('OAK_GENERATOR_10' 0, 'ENCHANTED_OAK_LOG', 256),
    ('OAK_GENERATOR_11' 0, 'ENCHANTED_OAK_LOG', 512),
    ('SPRUCE_GENERATOR_1' 0, 'LOG:1', 80),
    ('SPRUCE_GENERATOR_2' 0, 'LOG:1', 160),
    ('SPRUCE_GENERATOR_3' 0, 'LOG:1', 320),
    ('SPRUCE_GENERATOR_4' 0, 'LOG:1', 512),
    ('SPRUCE_GENERATOR_5' 0, 'ENCHANTED_SPRUCE_LOG', 8),
    ('SPRUCE_GENERATOR_6' 0, 'ENCHANTED_SPRUCE_LOG', 16),
    ('SPRUCE_GENERATOR_7' 0, 'ENCHANTED_SPRUCE_LOG', 32),
    ('SPRUCE_GENERATOR_8' 0, 'ENCHANTED_SPRUCE_LOG', 64),
    ('SPRUCE_GENERATOR_9' 0, 'ENCHANTED_SPRUCE_LOG', 128),
    ('SPRUCE_GENERATOR_10' 0, 'ENCHANTED_SPRUCE_LOG', 256),
    ('SPRUCE_GENERATOR_11' 0, 'ENCHANTED_SPRUCE_LOG', 512),
    ('BIRCH_GENERATOR_1' 0, 'LOG:2', 80),
    ('BIRCH_GENERATOR_2' 0, 'LOG:2', 160),
    ('BIRCH_GENERATOR_3' 0, 'LOG:2', 320),
    ('BIRCH_GENERATOR_4' 0, 'LOG:2', 512),
    ('BIRCH_GENERATOR_5' 0, 'ENCHANTED_BIRCH_LOG', 8),
    ('BIRCH_GENERATOR_6' 0, 'ENCHANTED_BIRCH_LOG', 16),
    ('BIRCH_GENERATOR_7' 0, 'ENCHANTED_BIRCH_LOG', 32),
    ('BIRCH_GENERATOR_8' 0, 'ENCHANTED_BIRCH_LOG', 64),
    ('BIRCH_GENERATOR_9' 0, 'ENCHANTED_BIRCH_LOG', 128),
    ('BIRCH_GENERATOR_10' 0, 'ENCHANTED_BIRCH_LOG', 256),
    ('BIRCH_GENERATOR_11' 0, 'ENCHANTED_BIRCH_LOG', 512),
    ('DARK_OAK_GENERATOR_1' 0, 'LOG_2:1', 80),
    ('DARK_OAK_GENERATOR_2' 0, 'LOG_2:1', 160),
    ('DARK_OAK_GENERATOR_3' 0, 'LOG_2:1', 320),
    ('DARK_OAK_GENERATOR_4' 0, 'LOG_2:1', 512),
    ('DARK_OAK_GENERATOR_5' 0, 'ENCHANTED_DARK_OAK_LOG', 8),
    ('DARK_OAK_GENERATOR_6' 0, 'ENCHANTED_DARK_OAK_LOG', 16),
    ('DARK_OAK_GENERATOR_7' 0, 'ENCHANTED_DARK_OAK_LOG', 32),
    ('DARK_OAK_GENERATOR_8' 0, 'ENCHANTED_DARK_OAK_LOG', 64),
    ('DARK_OAK_GENERATOR_9' 0, 'ENCHANTED_DARK_OAK_LOG', 128),
    ('DARK_OAK_GENERATOR_10' 0, 'ENCHANTED_DARK_OAK_LOG', 256),
    ('DARK_OAK_GENERATOR_11' 0, 'ENCHANTED_DARK_OAK_LOG', 512),
    ('ACACIA_GENERATOR_1' 0, 'LOG_2', 80),
    ('ACACIA_GENERATOR_2' 0, 'LOG_2', 160),
    ('ACACIA_GENERATOR_3' 0, 'LOG_2', 320),
    ('ACACIA_GENERATOR_4' 0, 'LOG_2', 512),
    ('ACACIA_GENERATOR_5' 0, 'ENCHANTED_ACACIA_LOG', 8),
    ('ACACIA_GENERATOR_6' 0, 'ENCHANTED_ACACIA_LOG', 16),
    ('ACACIA_GENERATOR_7' 0, 'ENCHANTED_ACACIA_LOG', 32),
    ('ACACIA_GENERATOR_8' 0, 'ENCHANTED_ACACIA_LOG', 64),
    ('ACACIA_GENERATOR_9' 0, 'ENCHANTED_ACACIA_LOG', 128),
    ('ACACIA_GENERATOR_10' 0, 'ENCHANTED_ACACIA_LOG', 256),
    ('ACACIA_GENERATOR_11' 0, 'ENCHANTED_ACACIA_LOG', 512),
    ('JUNGLE_GENERATOR_1' 0, 'LOG:3', 80),
    ('JUNGLE_GENERATOR_2' 0, 'LOG:3', 160),
    ('JUNGLE_GENERATOR_3' 0, 'LOG:3', 320),
    ('JUNGLE_GENERATOR_4' 0, 'LOG:3', 512),
    ('JUNGLE_GENERATOR_5' 0, 'ENCHANTED_JUNGLE_LOG', 8),
    ('JUNGLE_GENERATOR_6' 0, 'ENCHANTED_JUNGLE_LOG', 16),
    ('JUNGLE_GENERATOR_7' 0, 'ENCHANTED_JUNGLE_LOG', 32),
    ('JUNGLE_GENERATOR_8' 0, 'ENCHANTED_JUNGLE_LOG', 64),
    ('JUNGLE_GENERATOR_9' 0, 'ENCHANTED_JUNGLE_LOG', 128),
    ('JUNGLE_GENERATOR_10' 0, 'ENCHANTED_JUNGLE_LOG', 256),
    ('JUNGLE_GENERATOR_11' 0, 'ENCHANTED_JUNGLE_LOG', 512),
    ('FISHING_GENERATOR_1' 0, 'RAW_FISH', 64),
    ('FISHING_GENERATOR_2' 0, 'RAW_FISH', 128),
    ('FISHING_GENERATOR_3' 0, 'RAW_FISH', 256),
    ('FISHING_GENERATOR_4' 0, 'RAW_FISH', 512),
    ('FISHING_GENERATOR_5' 0, 'ENCHANTED_RAW_FISH', 8),
    ('FISHING_GENERATOR_6' 0, 'ENCHANTED_RAW_FISH', 24),
    ('FISHING_GENERATOR_7' 0, 'ENCHANTED_RAW_FISH', 64),
    ('FISHING_GENERATOR_8' 0, 'ENCHANTED_RAW_FISH', 128),
    ('FISHING_GENERATOR_9' 0, 'ENCHANTED_RAW_FISH', 256),
    ('FISHING_GENERATOR_10' 0, 'ENCHANTED_RAW_FISH', 512),
    ('FISHING_GENERATOR_11' 0, 'ENCHANTED_COOKED_FISH', 8),
    ('HARD_STONE_GENERATOR_1' 0, 'HARD_STONE', 256),
    ('HARD_STONE_GENERATOR_2' 0, 'HARD_STONE', 512),
    ('HARD_STONE_GENERATOR_3' 0, 'ENCHANTED_HARD_STONE', 8),
    ('HARD_STONE_GENERATOR_4' 0, 'ENCHANTED_HARD_STONE', 16),
    ('HARD_STONE_GENERATOR_5' 0, 'ENCHANTED_HARD_STONE', 32),
    ('HARD_STONE_GENERATOR_6' 0, 'ENCHANTED_HARD_STONE', 64),
    ('HARD_STONE_GENERATOR_7' 0, 'ENCHANTED_HARD_STONE', 128),
    ('HARD_STONE_GENERATOR_8' 0, 'ENCHANTED_HARD_STONE', 256),
    ('HARD_STONE_GENERATOR_9' 0, 'ENCHANTED_HARD_STONE', 512),
    ('HARD_STONE_GENERATOR_10' 0, 'CONCENTRATED_STONE', 8),
    ('HARD_STONE_GENERATOR_11' 0, 'CONCENTRATED_STONE', 16),
    ('HARD_STONE_GENERATOR_12' 2000000, 'CONCENTRATED_STONE', 32);